{"LAB/USDT_1h": 1780384530.0818489, "RAIN/USDT_1h": 1780384530.0818489, "TON/USDT_1h": 1780384530.0818489, "ATLA/USDT_1h": 1780384530.0818489, "BTC/USDT_1h": 1780384530.0818489, "ADA/USDT_1h": 1780384530.0818489, "LTC/USDT_1h": 1780384530.0818489, "XRP/USDT_1h": 1780384530.0818489, "TRX/USDT_1h": 1780384530.0818489, "LINK/USDT_1h": 1780384530.0818489, "AVAX/USDT_1h": 1780384530.0818489, "BNB/USDT_1h": 1780384530.0818489, "ENA/USDT_1h": 1780384530.0818489, "DOGE/USDT_1h": 1780384530.0818489, "DASH/USDT_1h": 1780384530.0818489, "BRL/USDT_1h": 1780384530.0818489, "MX/USDT_1h": 1780384530.0818489, "EUR/USDT_1h": 1780384530.0818489, "LAB/USDT_4h": 1780384532.4750414, "SKYAI/USDT_4h": 1780384532.4750414, "NEAR/USDT_4h": 1780384532.4750414, "ATLA/USDT_4h": 1780384532.4750414, "BTC/USDT_4h": 1780384532.4750414, "ADA/USDT_4h": 1780384532.4750414, "LTC/USDT_4h": 1780384532.4750414, "DOT/USDT_4h": 1780384532.4750414, "XRP/USDT_4h": 1780384532.4750414, "TRX/USDT_4h": 1780384532.4750414, "SUI/USDT_4h": 1780384532.4750414, "SOL/USDT_4h": 1780384532.4750414, "LINK/USDT_4h": 1780384532.4750414, "WXT/USDT_4h": 1780384532.4750414, "MX/USDT_4h": 1780384532.4750414, "EUR/USDT_4h": 1780384532.4750414, "USD1/USDT_4h": 1780384532.4750414}