{"ASTER/USDT_1h": 1779686801.8756, "EDEN/USDT_1h": 1779686801.8756, "SUI/USDT_1h": 1779686801.8756, "TON/USDT_1h": 1779686801.8756, "CORN/USDT_1h": 1779686801.8756, "BCH/USDT_1h": 1779686801.8756, "GOLD(XAUT)/USDT_1h": 1779686801.8756, "EUR/USDT_1h": 1779686801.8756, "ETH/USDT_1h": 1779686801.8756, "GOLD(PAXG)/USDT_1h": 1779686801.8756, "FIL/USDT_1h": 1779686801.8756, "USD1/USDT_1h": 1779686801.8756, "VEREM/USDT_1h": 1779686801.8756, "EDEN/USDT_4h": 1779686803.864446, "TRIA/USDT_4h": 1779686803.864446, "MBG/USDT_4h": 1779686803.864446, "SUI/USDT_4h": 1779686803.864446, "JGGL/USDT_4h": 1779686803.864446, "TRX/USDT_4h": 1779686803.864446, "BCH/USDT_4h": 1779686803.864446}