{"WLD/USDT_1h": 1780333348.7363267, "RAIN/USDT_1h": 1780333348.7363267, "TRUMP/USDT_1h": 1780333348.7363267, "BTC/USDT_1h": 1780333348.7363267, "SOL/USDT_1h": 1780333348.7363267, "ADA/USDT_1h": 1780333348.7363267, "WXT/USDT_1h": 1780333348.7363267, "MX/USDT_1h": 1780333348.7363267, "BRL/USDT_1h": 1780333348.7363267, "LTC/USDT_4h": 1780333350.475263, "SOL/USDT_4h": 1780333350.475263, "JGGL/USDT_4h": 1780333350.475263, "GOLD(PAXG)/USDT_4h": 1780333350.475263, "ADA/USDT_4h": 1780333350.475263, "ETH/USDT_4h": 1780333350.475263, "WXT/USDT_4h": 1780333350.475263, "MX/USDT_4h": 1780333350.475263, "USD1/USDT_4h": 1780333350.475263, "INJ/USDT_1h": 1780334385.3288448, "BSB/USDT_1h": 1780334385.3288448, "BNB/USDT_1h": 1780334385.3288448, "JGGL/USDT_1h": 1780334385.3288448, "FIL/USDT_1h": 1780334385.3288448, "INJ/USDT_4h": 1780334387.484861}