{"EDEN/USDT_1h": 1779715028.991345, "RAIN/USDT_1h": 1780126573.4026163, "ATOM/USDT_1h": 1779982266.9211414, "LTC/USDT_1h": 1780146359.7853417, "BCH/USDT_1h": 1780173520.6230464, "EUR/USDT_1h": 1780160602.5209703, "USD1/USDT_1h": 1780167628.8960967, "EDEN/USDT_4h": 1779715030.9244819, "INJ/USDT_4h": 1780044054.201796, "RAIN/USDT_4h": 1779715030.9244819, "ATOM/USDT_4h": 1779849400.3756177, "BNB/USDT_4h": 1780129073.260973, "JGGL/USDT_4h": 1779806902.7731419, "BCH/USDT_4h": 1779912136.618783, "TRX/USDT_4h": 1780146362.3216934, "USD1/USDT_4h": 1780146362.3216934, "INJ/USDT_1h": 1780044052.5281477, "NEAR/USDT_1h": 1780179030.6395388, "BSB/USDT_1h": 1779719823.9697416, "BNB/USDT_1h": 1780173520.6230464, "TRX/USDT_1h": 1780160602.5209703, "ETH/USDT_1h": 1780179030.6395388, "NEAR/USDT_4h": 1779982269.328426, "ZEC/USDT_4h": 1780146362.3216934, "GOLD(PAXG)/USDT_4h": 1779934374.3946722, "PLAY/USDT_1h": 1779736614.0836623, "GUA/USDT_1h": 1779736614.0836623, "PENDLE/USDT_1h": 1780126573.4026163, "TAO/USDT_1h": 1780160602.5209703, "CORN/USDT_1h": 1779736614.0836623, "SOL/USDT_1h": 1780160602.5209703, "GUA/USDT_4h": 1779736616.446433, "ASSET/USDT_4h": 1779736616.446433, "HYPE/USDT_4h": 1780146362.3216934, "TRIA/USDT_1h": 1780126573.4026163, "ATLA/USDT_1h": 1780085392.7067978, "TRIA/USDT_4h": 1780126575.7931526, "XRP/USDT_4h": 1780021707.7246964, "XMR/USDT_1h": 1780107118.1398327, "ZEC/USDT_1h": 1780146359.7853417, "FIL/USDT_1h": 1779982266.9211414, "XRP/USDT_1h": 1780107118.1398327, "DOT/USDT_1h": 1780065780.7961454, "ADA/USDT_1h": 1779961677.9440188, "ONDO/USDT_4h": 1779762447.2814608, "XMR/USDT_4h": 1780107119.921553, "DOGE/USDT_4h": 1780065782.368077, "LTC/USDT_4h": 1779961680.4808776, "ADA/USDT_4h": 1780065782.368077, "ESPORTS/USDT_1h": 1779776818.0116847, "DVERSE/USDT_1h": 1779776818.0116847, "FET/USDT_1h": 1779874284.3092356, "VEREM/USDT_1h": 1779776818.0116847, "DOGE/USDT_1h": 1780187045.9491916, "DVERSE/USDT_4h": 1779776819.9568021, "BTC/USDT_4h": 1780189715.632415, "SUI/USDT_4h": 1780085395.2317595, "VIM/USDT_1h": 1779788292.5819895, "WLD/USDT_1h": 1780173520.6230464, "ASSET/USDT_1h": 1779788292.5819895, "WLD/USDT_4h": 1779788295.0846758, "TON/USDT_4h": 1780129073.260973, "TAO/USDT_4h": 1780167631.0648658, "9BIT/USDT_4h": 1780107119.921553, "ASTER/USDT_1h": 1780160602.5209703, "GOLD(PAXG)/USDT_1h": 1780146359.7853417, "JGGL/USDT_1h": 1780107118.1398327, "USDGO/USDT_1h": 1779912134.4472525, "TIA/USDT_4h": 1779806902.7731419, "GOLD(XAUT)/USDT_4h": 1780126575.7931526, "SUI/USDT_1h": 1780065780.7961454, "ETHFI/USDT_1h": 1780107118.1398327, "AVAX/USDT_1h": 1779825483.8542345, "HYPE/USDT_1h": 1780146359.7853417, "MX/USDT_1h": 1780167628.8960967, "9BIT/USDT_1h": 1780107118.1398327, "ETH/USDT_4h": 1780044054.201796, "FIL/USDT_4h": 1779825485.71335, "WXT/USDT_4h": 1779998842.1617799, "RENDER/USDT_1h": 1779849398.158202, "BILL/USDT_1h": 1779849398.158202, "TRUMP/USDT_1h": 1780173520.6230464, "TIA/USDT_1h": 1779982266.9211414, "ONDO/USDT_1h": 1779849398.158202, "GOLD(XAUT)/USDT_1h": 1780126573.4026163, "WXT/USDT_1h": 1779982266.9211414, "OPG/USDT_4h": 1779849400.3756177, "TRUMP/USDT_4h": 1780085395.2317595, "SOL/USDT_4h": 1779998842.1617799, "BTC/USDT_1h": 1780189714.1591036, "ATLA/USDT_4h": 1779874286.0548077, "EUR/USDT_4h": 1780107119.921553, "SLX/USDT_1h": 1780126573.4026163, "PENDLE/USDT_4h": 1780126575.7931526, "SKYAI/USDT_1h": 1779912134.4472525, "SKYAI/USDT_4h": 1779912136.618783, "USDGO/USDT_4h": 1779912136.618783, "XLM/USDT_1h": 1780044052.5281477, "ASTEROID/USDT_1h": 1779934372.1048708, "TON/USDT_1h": 1780179030.6395388, "LINK/USDT_1h": 1779934372.1048708, "MBG/USDT_1h": 1779934372.1048708, "XLM/USDT_4h": 1780044054.201796, "LINK/USDT_4h": 1779934374.3946722, "MBG/USDT_4h": 1780044054.201796, "DASH/USDT_1h": 1779961677.9440188, "DASH/USDT_4h": 1779961680.4808776, "AVAX/USDT_4h": 1780085395.2317595, "CAKE/USDT_1h": 1780167628.8960967, "GENIUS/USDT_1h": 1779982266.9211414, "BDX/USDT_1h": 1779982266.9211414, "ETHFI/USDT_4h": 1779982269.328426, "CAKE/USDT_4h": 1779982269.328426, "PENGU/USDT_4h": 1780021707.7246964, "XPL/USDT_1h": 1780044052.5281477, "MX/USDT_4h": 1780044054.201796, "HBAR/USDT_1h": 1780173520.6230464, "DOT/USDT_4h": 1780065782.368077, "LAB/USDT_1h": 1780085392.7067978, "IO/USDT_4h": 1780085395.2317595, "APE/USDT_1h": 1780126573.4026163, "LAB/USDT_4h": 1780126575.7931526, "PENGU/USDT_1h": 1780146359.7853417, "AIX/USDT_1h": 1780160602.5209703, "AIX/USDT_4h": 1780179032.798656, "ALLO/USDT_1h": 1780187045.9491916}