{"WLD/USDT_1h": 1780254262.023351, "9BIT/USDT_1h": 1780254262.023351, "LAB/USDT_1h": 1780254262.023351, "FIL/USDT_1h": 1780254262.023351, "ATOM/USDT_1h": 1780254262.023351, "NEAR/USDT_1h": 1780254262.023351, "DOT/USDT_1h": 1780254262.023351, "XRP/USDT_1h": 1780254262.023351, "ADA/USDT_1h": 1780254262.023351, "SOL/USDT_1h": 1780254262.023351, "ETH/USDT_1h": 1780254262.023351, "FET/USDT_1h": 1780254262.023351, "RAIN/USDT_1h": 1780254262.023351, "TRX/USDT_1h": 1780254262.023351, "EUR/USDT_1h": 1780254262.023351, "USD1/USDT_1h": 1780254262.023351, "9BIT/USDT_4h": 1780254264.029438, "ETHFI/USDT_4h": 1780254264.029438, "ATOM/USDT_4h": 1780254264.029438, "DOT/USDT_4h": 1780254264.029438, "TRUMP/USDT_4h": 1780254264.029438, "TRX/USDT_4h": 1780254264.029438, "USD1/USDT_4h": 1780254264.029438, "ZEC/USDT_1h": 1780271071.2088046, "TON/USDT_1h": 1780271071.2088046, "BNB/USDT_1h": 1780271071.2088046, "BCH/USDT_1h": 1780271071.2088046, "DOGE/USDT_1h": 1780271071.2088046, "ZEC/USDT_4h": 1780271073.256992, "EUR/USDT_4h": 1780271073.256992, "XMR/USDT_1h": 1780282045.5085685, "LTC/USDT_1h": 1780282045.5085685, "GOLD(PAXG)/USDT_1h": 1780282045.5085685, "FET/USDT_4h": 1780282047.5830803, "ATLA/USDT_4h": 1780282047.5830803, "HYPE/USDT_1h": 1780293539.451399, "HYPE/USDT_4h": 1780293541.46285, "LTC/USDT_4h": 1780293541.46285, "RAIN/USDT_4h": 1780293541.46285, "BSB/USDT_1h": 1780303328.4155242, "ETHFI/USDT_1h": 1780303328.4155242, "JGGL/USDT_1h": 1780303328.4155242, "WXT/USDT_1h": 1780303328.4155242, "BTC/USDT_1h": 1780303328.4155242, "BCH/USDT_4h": 1780303330.0069325, "XRP/USDT_4h": 1780303330.0069325, "ETH/USDT_4h": 1780303330.0069325, "JGGL/USDT_4h": 1780303330.0069325, "BTC/USDT_4h": 1780303330.0069325, "GOLD(PAXG)/USDT_4h": 1780303330.0069325, "WLD/USDT_4h": 1780303893.2105072}