{"LAB/USDT_1h": 1780384530.0818489, "RAIN/USDT_1h": 1780602944.4103916, "TON/USDT_1h": 1780566261.9067547, "ATLA/USDT_1h": 1780384530.0818489, "BTC/USDT_1h": 1780519695.8294854, "ADA/USDT_1h": 1780519695.8294854, "LTC/USDT_1h": 1780583892.154215, "XRP/USDT_1h": 1780519695.8294854, "TRX/USDT_1h": 1780483498.099226, "LINK/USDT_1h": 1780519695.8294854, "AVAX/USDT_1h": 1780519695.8294854, "BNB/USDT_1h": 1780503565.3913214, "ENA/USDT_1h": 1780483498.099226, "DOGE/USDT_1h": 1780519695.8294854, "DASH/USDT_1h": 1780566261.9067547, "BRL/USDT_1h": 1780384530.0818489, "MX/USDT_1h": 1780503565.3913214, "EUR/USDT_1h": 1780483498.099226, "LAB/USDT_4h": 1780384532.4750414, "SKYAI/USDT_4h": 1780384532.4750414, "NEAR/USDT_4h": 1780384532.4750414, "ATLA/USDT_4h": 1780541307.4555395, "BTC/USDT_4h": 1780503567.46776, "ADA/USDT_4h": 1780602947.567226, "LTC/USDT_4h": 1780583894.7675366, "DOT/USDT_4h": 1780541307.4555395, "XRP/USDT_4h": 1780519698.555095, "TRX/USDT_4h": 1780583894.7675366, "SUI/USDT_4h": 1780384532.4750414, "SOL/USDT_4h": 1780503567.46776, "LINK/USDT_4h": 1780519698.555095, "WXT/USDT_4h": 1780602947.567226, "MX/USDT_4h": 1780503567.46776, "EUR/USDT_4h": 1780503567.46776, "USD1/USDT_4h": 1780541307.4555395, "INJ/USDT_1h": 1780566261.9067547, "XLM/USDT_1h": 1780519695.8294854, "PENGU/USDT_1h": 1780394797.512962, "SUI/USDT_1h": 1780541305.0328553, "SOL/USDT_1h": 1780503565.3913214, "TAO/USDT_1h": 1780394797.512962, "HYPE/USDT_1h": 1780566261.9067547, "WXT/USDT_1h": 1780602944.4103916, "FIL/USDT_1h": 1780566261.9067547, "GOLD(PAXG)/USDT_1h": 1780503565.3913214, "USD1/USDT_1h": 1780602944.4103916, "INJ/USDT_4h": 1780541307.4555395, "WLD/USDT_4h": 1780394799.3825636, "PENGU/USDT_4h": 1780394799.3825636, "TAO/USDT_4h": 1780394799.3825636, "AVAX/USDT_4h": 1780503567.46776, "ETH/USDT_4h": 1780503567.46776, "ICP/USDT_1h": 1780402901.7324574, "RENDER/USDT_1h": 1780566261.9067547, "ZEC/USDT_1h": 1780402901.7324574, "ETH/USDT_1h": 1780503565.3913214, "TRIA/USDT_4h": 1780402904.213075, "BNB/USDT_4h": 1780519698.555095, "MYX/USDT_1h": 1780411563.703671, "BSB/USDT_1h": 1780411563.703671, "XMR/USDT_1h": 1780411563.703671, "JGGL/USDT_1h": 1780519695.8294854, "MYX/USDT_4h": 1780411567.2411928, "ICP/USDT_4h": 1780503567.46776, "XMR/USDT_4h": 1780411567.2411928, "DOGE/USDT_4h": 1780503567.46776, "JGGL/USDT_4h": 1780519698.555095, "ESPORTS/USDT_1h": 1780411929.2226644, "STAR/USDT_1h": 1780411929.2226644, "SKYAI/USDT_1h": 1780412244.9617648, "ETHFI/USDT_1h": 1780566261.9067547, "ENA/USDT_4h": 1780412247.5253322, "WLD/USDT_1h": 1780412612.3081293, "ZCHF/USDT_1h": 1780412612.3081293, "XLM/USDT_4h": 1780412614.801354, "BCH/USDT_4h": 1780503567.46776, "ETHFI/USDT_4h": 1780566265.0829952, "TRIA/USDT_1h": 1780414456.2030404, "BCH/USDT_1h": 1780503565.3913214, "FIL/USDT_4h": 1780566265.0829952, "DASH/USDT_4h": 1780566265.0829952, "EDGE/USDT_1h": 1780416246.4854677, "FET/USDT_1h": 1780503565.3913214, "STAR/USDT_4h": 1780416248.3732626, "ASTER/USDT_4h": 1780566265.0829952, "RAIN/USDT_4h": 1780416248.3732626, "FET/USDT_4h": 1780416248.3732626, "GOLD(PAXG)/USDT_4h": 1780541307.4555395, "ZCHF/USDT_4h": 1780416248.3732626, "ONDO/USDT_1h": 1780432579.7491035, "APE/USDT_1h": 1780432579.7491035, "TRUMP/USDT_4h": 1780566265.0829952, "GOLD(XAUT)/USDT_4h": 1780583894.7675366, "GOLD(XAUT)/USDT_1h": 1780541305.0328553, "CAKE/USDT_4h": 1780450719.1006956, "MBG/USDT_1h": 1780583892.154215, "NEAR/USDT_1h": 1780483498.099226, "9BIT/USDT_1h": 1780583892.154215, "ATOM/USDT_1h": 1780483498.099226, "9BIT/USDT_4h": 1780483500.906386, "GENIUS/USDT_1h": 1780503565.3913214, "CAKE/USDT_1h": 1780503565.3913214, "GENIUS/USDT_4h": 1780503567.46776, "ATOM/USDT_4h": 1780541307.4555395, "PLAY/USDT_1h": 1780566261.9067547, "CHZ/USDT_1h": 1780566261.9067547, "W/USDT_1h": 1780566261.9067547, "BEAT/USDT_1h": 1780566261.9067547, "VIRTUAL/USDT_1h": 1780566261.9067547, "IO/USDT_1h": 1780566261.9067547, "TRUMP/USDT_1h": 1780566261.9067547, "CRV/USDT_1h": 1780566261.9067547, "DOT/USDT_1h": 1780566261.9067547, "ASTER/USDT_1h": 1780566261.9067547, "CHZ/USDT_4h": 1780566265.0829952, "VIRTUAL/USDT_4h": 1780566265.0829952, "CRV/USDT_4h": 1780566265.0829952, "XPL/USDT_1h": 1780583892.154215, "LIT/USDT_4h": 1780583894.7675366, "MBG/USDT_4h": 1780583894.7675366, "AIXDROP/USDT_4h": 1780583894.7675366, "BILL/USDT_1h": 1780602944.4103916, "H/USDT_1h": 1780602944.4103916, "BILL/USDT_4h": 1780602947.567226, "BEAT/USDT_4h": 1780602947.567226}