{"EDEN/USDT_1h": 1779715028.991345, "RAIN/USDT_1h": 1779961677.9440188, "ATOM/USDT_1h": 1779982266.9211414, "LTC/USDT_1h": 1779961677.9440188, "BCH/USDT_1h": 1780085392.7067978, "EUR/USDT_1h": 1780065780.7961454, "USD1/USDT_1h": 1779982266.9211414, "EDEN/USDT_4h": 1779715030.9244819, "INJ/USDT_4h": 1780044054.201796, "RAIN/USDT_4h": 1779715030.9244819, "ATOM/USDT_4h": 1779849400.3756177, "BNB/USDT_4h": 1779715030.9244819, "JGGL/USDT_4h": 1779806902.7731419, "BCH/USDT_4h": 1779912136.618783, "TRX/USDT_4h": 1780044054.201796, "USD1/USDT_4h": 1780044054.201796, "INJ/USDT_1h": 1780044052.5281477, "NEAR/USDT_1h": 1779719823.9697416, "BSB/USDT_1h": 1779719823.9697416, "BNB/USDT_1h": 1780085392.7067978, "TRX/USDT_1h": 1779982266.9211414, "ETH/USDT_1h": 1779934372.1048708, "NEAR/USDT_4h": 1779982269.328426, "ZEC/USDT_4h": 1779849400.3756177, "GOLD(PAXG)/USDT_4h": 1779934374.3946722, "PLAY/USDT_1h": 1779736614.0836623, "GUA/USDT_1h": 1779736614.0836623, "PENDLE/USDT_1h": 1779998839.6898181, "TAO/USDT_1h": 1780065780.7961454, "CORN/USDT_1h": 1779736614.0836623, "SOL/USDT_1h": 1780044052.5281477, "GUA/USDT_4h": 1779736616.446433, "ASSET/USDT_4h": 1779736616.446433, "HYPE/USDT_4h": 1779736616.446433, "TRIA/USDT_1h": 1779982266.9211414, "ATLA/USDT_1h": 1780085392.7067978, "TRIA/USDT_4h": 1779982269.328426, "XRP/USDT_4h": 1780021707.7246964, "XMR/USDT_1h": 1779961677.9440188, "ZEC/USDT_1h": 1779849398.158202, "FIL/USDT_1h": 1779982266.9211414, "XRP/USDT_1h": 1779874284.3092356, "DOT/USDT_1h": 1780065780.7961454, "ADA/USDT_1h": 1779961677.9440188, "ONDO/USDT_4h": 1779762447.2814608, "XMR/USDT_4h": 1779961680.4808776, "DOGE/USDT_4h": 1780065782.368077, "LTC/USDT_4h": 1779961680.4808776, "ADA/USDT_4h": 1780065782.368077, "ESPORTS/USDT_1h": 1779776818.0116847, "DVERSE/USDT_1h": 1779776818.0116847, "FET/USDT_1h": 1779874284.3092356, "VEREM/USDT_1h": 1779776818.0116847, "DOGE/USDT_1h": 1779934372.1048708, "DVERSE/USDT_4h": 1779776819.9568021, "BTC/USDT_4h": 1780085395.2317595, "SUI/USDT_4h": 1780085395.2317595, "VIM/USDT_1h": 1779788292.5819895, "WLD/USDT_1h": 1779998839.6898181, "ASSET/USDT_1h": 1779788292.5819895, "WLD/USDT_4h": 1779788295.0846758, "TON/USDT_4h": 1779982269.328426, "TAO/USDT_4h": 1780065782.368077, "9BIT/USDT_4h": 1779788295.0846758, "ASTER/USDT_1h": 1779934372.1048708, "GOLD(PAXG)/USDT_1h": 1780047476.616922, "JGGL/USDT_1h": 1779982266.9211414, "USDGO/USDT_1h": 1779912134.4472525, "TIA/USDT_4h": 1779806902.7731419, "GOLD(XAUT)/USDT_4h": 1780021707.7246964, "SUI/USDT_1h": 1780065780.7961454, "ETHFI/USDT_1h": 1779912134.4472525, "AVAX/USDT_1h": 1779825483.8542345, "HYPE/USDT_1h": 1780047476.616922, "MX/USDT_1h": 1779912134.4472525, "9BIT/USDT_1h": 1779825483.8542345, "ETH/USDT_4h": 1780044054.201796, "FIL/USDT_4h": 1779825485.71335, "WXT/USDT_4h": 1779998842.1617799, "RENDER/USDT_1h": 1779849398.158202, "BILL/USDT_1h": 1779849398.158202, "TRUMP/USDT_1h": 1779961677.9440188, "TIA/USDT_1h": 1779982266.9211414, "ONDO/USDT_1h": 1779849398.158202, "GOLD(XAUT)/USDT_1h": 1779961677.9440188, "WXT/USDT_1h": 1779982266.9211414, "OPG/USDT_4h": 1779849400.3756177, "TRUMP/USDT_4h": 1780085395.2317595, "SOL/USDT_4h": 1779998842.1617799, "BTC/USDT_1h": 1780065780.7961454, "ATLA/USDT_4h": 1779874286.0548077, "EUR/USDT_4h": 1779982269.328426, "SLX/USDT_1h": 1779998839.6898181, "PENDLE/USDT_4h": 1779998842.1617799, "SKYAI/USDT_1h": 1779912134.4472525, "SKYAI/USDT_4h": 1779912136.618783, "USDGO/USDT_4h": 1779912136.618783, "XLM/USDT_1h": 1780044052.5281477, "ASTEROID/USDT_1h": 1779934372.1048708, "TON/USDT_1h": 1780065780.7961454, "LINK/USDT_1h": 1779934372.1048708, "MBG/USDT_1h": 1779934372.1048708, "XLM/USDT_4h": 1780044054.201796, "LINK/USDT_4h": 1779934374.3946722, "MBG/USDT_4h": 1780044054.201796, "DASH/USDT_1h": 1779961677.9440188, "DASH/USDT_4h": 1779961680.4808776, "AVAX/USDT_4h": 1780085395.2317595, "CAKE/USDT_1h": 1779982266.9211414, "GENIUS/USDT_1h": 1779982266.9211414, "BDX/USDT_1h": 1779982266.9211414, "ETHFI/USDT_4h": 1779982269.328426, "CAKE/USDT_4h": 1779982269.328426, "PENGU/USDT_4h": 1780021707.7246964, "XPL/USDT_1h": 1780044052.5281477, "MX/USDT_4h": 1780044054.201796, "HBAR/USDT_1h": 1780047476.616922, "DOT/USDT_4h": 1780065782.368077, "LAB/USDT_1h": 1780085392.7067978, "IO/USDT_4h": 1780085395.2317595}