{"WLD/USDT_1h": 1780231715.6577024, "TON/USDT_1h": 1780231715.6577024, "IO/USDT_1h": 1780231715.6577024, "TRX/USDT_1h": 1780231715.6577024, "SUI/USDT_1h": 1780231715.6577024, "MX/USDT_1h": 1780231715.6577024, "ASTER/USDT_4h": 1780231717.7542877, "ATOM/USDT_4h": 1780231717.7542877, "TRX/USDT_4h": 1780231717.7542877, "SUI/USDT_4h": 1780231717.7542877, "USD1/USDT_4h": 1780231717.7542877, "LAB/USDT_1h": 1780233444.4730632, "USD1/USDT_1h": 1780233444.4730632, "EUR/USDT_1h": 1780233444.4730632, "TON/USDT_4h": 1780233446.5071378, "RAIN/USDT_4h": 1780233446.5071378}