{"H/USDT_1h": 1780304807.378909, "LAB/USDT_1h": 1780304807.378909, "WLD/USDT_1h": 1780304807.378909, "BCH/USDT_1h": 1780304807.378909, "ETHFI/USDT_1h": 1780304807.378909, "JGGL/USDT_1h": 1780304807.378909, "RAIN/USDT_1h": 1780304807.378909, "USD1/USDT_1h": 1780304807.378909, "H/USDT_4h": 1780304809.4126425, "LAB/USDT_4h": 1780304809.4126425, "WLD/USDT_4h": 1780304809.4126425, "BCH/USDT_4h": 1780304809.4126425, "JGGL/USDT_4h": 1780304809.4126425, "RAIN/USDT_4h": 1780304809.4126425, "ATLA/USDT_4h": 1780304809.4126425, "GOLD(PAXG)/USDT_4h": 1780304809.4126425, "EUR/USDT_4h": 1780304809.4126425, "USD1/USDT_4h": 1780304809.4126425, "BSB/USDT_1h": 1780305953.6287148, "TRUMP/USDT_1h": 1780305953.6287148, "BSB/USDT_4h": 1780305955.4497836, "AIA/USDT_4h": 1780305955.4497836}