{"TON/USDT_1h": 1780229872.6478758, "IO/USDT_1h": 1780229872.6478758, "SUI/USDT_1h": 1780229872.6478758, "XLM/USDT_1h": 1780229872.6478758, "EUR/USDT_1h": 1780229872.6478758, "ASTER/USDT_4h": 1780229874.2749677, "ATOM/USDT_4h": 1780229874.2749677, "SUI/USDT_4h": 1780229874.2749677, "MX/USDT_4h": 1780229874.2749677, "USD1/USDT_4h": 1780229874.2749677}