{"H/USDT_1h": 1780304807.378909, "LAB/USDT_1h": 1780304807.378909, "WLD/USDT_1h": 1780304807.378909, "BCH/USDT_1h": 1780304807.378909, "ETHFI/USDT_1h": 1780304807.378909, "JGGL/USDT_1h": 1780304807.378909, "RAIN/USDT_1h": 1780304807.378909, "USD1/USDT_1h": 1780304807.378909, "H/USDT_4h": 1780304809.4126425, "LAB/USDT_4h": 1780304809.4126425, "WLD/USDT_4h": 1780304809.4126425, "BCH/USDT_4h": 1780304809.4126425, "JGGL/USDT_4h": 1780304809.4126425, "RAIN/USDT_4h": 1780304809.4126425, "ATLA/USDT_4h": 1780304809.4126425, "GOLD(PAXG)/USDT_4h": 1780304809.4126425, "EUR/USDT_4h": 1780304809.4126425, "USD1/USDT_4h": 1780304809.4126425, "BSB/USDT_1h": 1780305953.6287148, "TRUMP/USDT_1h": 1780305953.6287148, "BSB/USDT_4h": 1780305955.4497836, "AIA/USDT_4h": 1780305955.4497836, "FIL/USDT_1h": 1780306634.4313848, "GOLD(PAXG)/USDT_1h": 1780306634.4313848, "ETHFI/USDT_4h": 1780306636.4914217, "DOT/USDT_4h": 1780306636.4914217, "XRP/USDT_1h": 1780307566.1343095, "LTC/USDT_1h": 1780307566.1343095, "BTC/USDT_1h": 1780307566.1343095, "MX/USDT_1h": 1780307566.1343095, "MX/USDT_4h": 1780307568.2656085, "ADA/USDT_1h": 1780308857.0319433, "9BIT/USDT_1h": 1780308857.0319433, "ADA/USDT_4h": 1780308858.896793, "BTC/USDT_4h": 1780308858.896793, "FET/USDT_1h": 1780312299.2155132, "ASTER/USDT_1h": 1780312299.2155132, "ETH/USDT_1h": 1780312299.2155132, "DOGE/USDT_1h": 1780312299.2155132, "BRL/USDT_1h": 1780312299.2155132, "EUR/USDT_1h": 1780312299.2155132, "FET/USDT_4h": 1780312301.3024073, "ETH/USDT_4h": 1780312301.3024073, "XT/USDT_1h": 1780317746.3375618, "HYPE/USDT_1h": 1780317746.3375618, "DOT/USDT_1h": 1780317746.3375618, "TRX/USDT_1h": 1780317746.3375618, "HYPE/USDT_4h": 1780317748.331978}