{"BSB/USDT_1h": 1780319717.4398727, "WLD/USDT_1h": 1780319717.4398727, "HYPE/USDT_1h": 1780319717.4398727, "CAKE/USDT_1h": 1780319717.4398727, "FIL/USDT_1h": 1780319717.4398727, "BNB/USDT_1h": 1780319717.4398727, "DOT/USDT_1h": 1780319717.4398727, "ETHFI/USDT_1h": 1780319717.4398727, "ADA/USDT_1h": 1780319717.4398727, "SOL/USDT_1h": 1780319717.4398727, "LTC/USDT_1h": 1780319717.4398727, "BTC/USDT_1h": 1780319717.4398727, "TRUMP/USDT_1h": 1780319717.4398727, "ETH/USDT_1h": 1780319717.4398727, "JGGL/USDT_1h": 1780319717.4398727, "WXT/USDT_1h": 1780319717.4398727, "RAIN/USDT_1h": 1780319717.4398727, "NEAR/USDT_1h": 1780319717.4398727, "GOLD(PAXG)/USDT_1h": 1780319717.4398727, "BRL/USDT_1h": 1780319717.4398727, "TRX/USDT_1h": 1780319717.4398727, "BSB/USDT_4h": 1780319719.745658, "WLD/USDT_4h": 1780319719.745658, "FIL/USDT_4h": 1780319719.745658, "DOT/USDT_4h": 1780319719.745658, "ETHFI/USDT_4h": 1780319719.745658, "PLAY/USDT_4h": 1780319719.745658, "ADA/USDT_4h": 1780319719.745658, "SOL/USDT_4h": 1780319719.745658, "BTC/USDT_4h": 1780319719.745658, "TRUMP/USDT_4h": 1780319719.745658, "ETH/USDT_4h": 1780319719.745658, "JGGL/USDT_4h": 1780319719.745658, "WXT/USDT_4h": 1780319719.745658, "GOLD(PAXG)/USDT_4h": 1780319719.745658, "USD1/USDT_4h": 1780319719.745658}