{"EDEN/USDT_1h": 1779715028.991345, "RAIN/USDT_1h": 1779715028.991345, "ATOM/USDT_1h": 1779715028.991345, "LTC/USDT_1h": 1779715028.991345, "BCH/USDT_1h": 1779849398.158202, "EUR/USDT_1h": 1779715028.991345, "USD1/USDT_1h": 1779715028.991345, "EDEN/USDT_4h": 1779715030.9244819, "INJ/USDT_4h": 1779849400.3756177, "RAIN/USDT_4h": 1779715030.9244819, "ATOM/USDT_4h": 1779849400.3756177, "BNB/USDT_4h": 1779715030.9244819, "JGGL/USDT_4h": 1779806902.7731419, "BCH/USDT_4h": 1779806902.7731419, "TRX/USDT_4h": 1779806902.7731419, "USD1/USDT_4h": 1779825485.71335, "INJ/USDT_1h": 1779719823.9697416, "NEAR/USDT_1h": 1779719823.9697416, "BSB/USDT_1h": 1779719823.9697416, "BNB/USDT_1h": 1779806900.464721, "TRX/USDT_1h": 1779806900.464721, "ETH/USDT_1h": 1779825483.8542345, "NEAR/USDT_4h": 1779849400.3756177, "ZEC/USDT_4h": 1779849400.3756177, "GOLD(PAXG)/USDT_4h": 1779825485.71335, "PLAY/USDT_1h": 1779736614.0836623, "GUA/USDT_1h": 1779736614.0836623, "PENDLE/USDT_1h": 1779849398.158202, "TAO/USDT_1h": 1779736614.0836623, "CORN/USDT_1h": 1779736614.0836623, "SOL/USDT_1h": 1779825483.8542345, "GUA/USDT_4h": 1779736616.446433, "ASSET/USDT_4h": 1779736616.446433, "HYPE/USDT_4h": 1779736616.446433, "TRIA/USDT_1h": 1779752428.4796605, "ATLA/USDT_1h": 1779752428.4796605, "TRIA/USDT_4h": 1779752430.9649224, "XRP/USDT_4h": 1779752430.9649224, "XMR/USDT_1h": 1779849398.158202, "ZEC/USDT_1h": 1779849398.158202, "FIL/USDT_1h": 1779762445.3293452, "XRP/USDT_1h": 1779762445.3293452, "DOT/USDT_1h": 1779849398.158202, "ADA/USDT_1h": 1779849398.158202, "ONDO/USDT_4h": 1779762447.2814608, "XMR/USDT_4h": 1779849400.3756177, "DOGE/USDT_4h": 1779762447.2814608, "LTC/USDT_4h": 1779849400.3756177, "ADA/USDT_4h": 1779762447.2814608, "ESPORTS/USDT_1h": 1779776818.0116847, "DVERSE/USDT_1h": 1779776818.0116847, "FET/USDT_1h": 1779776818.0116847, "VEREM/USDT_1h": 1779776818.0116847, "DOGE/USDT_1h": 1779776818.0116847, "DVERSE/USDT_4h": 1779776819.9568021, "BTC/USDT_4h": 1779776819.9568021, "SUI/USDT_4h": 1779776819.9568021, "VIM/USDT_1h": 1779788292.5819895, "WLD/USDT_1h": 1779788292.5819895, "ASSET/USDT_1h": 1779788292.5819895, "WLD/USDT_4h": 1779788295.0846758, "TON/USDT_4h": 1779788295.0846758, "TAO/USDT_4h": 1779788295.0846758, "9BIT/USDT_4h": 1779788295.0846758, "ASTER/USDT_1h": 1779806900.464721, "GOLD(PAXG)/USDT_1h": 1779806900.464721, "JGGL/USDT_1h": 1779806900.464721, "USDGO/USDT_1h": 1779806900.464721, "TIA/USDT_4h": 1779806902.7731419, "GOLD(XAUT)/USDT_4h": 1779806902.7731419, "SUI/USDT_1h": 1779825483.8542345, "ETHFI/USDT_1h": 1779825483.8542345, "AVAX/USDT_1h": 1779825483.8542345, "HYPE/USDT_1h": 1779825483.8542345, "MX/USDT_1h": 1779825483.8542345, "9BIT/USDT_1h": 1779825483.8542345, "ETH/USDT_4h": 1779825485.71335, "FIL/USDT_4h": 1779825485.71335, "WXT/USDT_4h": 1779825485.71335, "RENDER/USDT_1h": 1779849398.158202, "BILL/USDT_1h": 1779849398.158202, "TRUMP/USDT_1h": 1779849398.158202, "TIA/USDT_1h": 1779849398.158202, "ONDO/USDT_1h": 1779849398.158202, "GOLD(XAUT)/USDT_1h": 1779849398.158202, "WXT/USDT_1h": 1779849398.158202, "OPG/USDT_4h": 1779849400.3756177, "TRUMP/USDT_4h": 1779849400.3756177, "SOL/USDT_4h": 1779849400.3756177}