{"LAB/USDT_1h": 1782898234.2184927, "RAIN/USDT_1h": 1782747150.9738455, "TON/USDT_1h": 1781464268.1845932, "ATLA/USDT_1h": 1782181639.8805223, "BTC/USDT_1h": 1783191474.2622333, "ADA/USDT_1h": 1783086268.8394094, "LTC/USDT_1h": 1783105415.7003255, "XRP/USDT_1h": 1783191474.2622333, "TRX/USDT_1h": 1783191474.2622333, "LINK/USDT_1h": 1782999605.7837336, "AVAX/USDT_1h": 1782786764.554696, "BNB/USDT_1h": 1783191474.2622333, "ENA/USDT_1h": 1783068630.0443168, "DOGE/USDT_1h": 1783191474.2622333, "DASH/USDT_1h": 1782354623.7398446, "BRL/USDT_1h": 1782244248.7058227, "MX/USDT_1h": 1783191474.2622333, "EUR/USDT_1h": 1783044225.1076686, "LAB/USDT_4h": 1782310122.0534382, "SKYAI/USDT_4h": 1782636094.4105728, "NEAR/USDT_4h": 1782981780.7807622, "ATLA/USDT_4h": 1782069411.1958945, "BTC/USDT_4h": 1783191475.5875053, "ADA/USDT_4h": 1783105417.3106132, "LTC/USDT_4h": 1783153526.0906339, "DOT/USDT_4h": 1783191475.5875053, "XRP/USDT_4h": 1783191475.5875053, "TRX/USDT_4h": 1783068632.2440598, "SUI/USDT_4h": 1783191475.5875053, "SOL/USDT_4h": 1783191475.5875053, "LINK/USDT_4h": 1782762257.6730106, "WXT/USDT_4h": 1783170127.6685584, "MX/USDT_4h": 1783130517.0519073, "EUR/USDT_4h": 1782959320.4473386, "USD1/USDT_4h": 1783130517.0519073, "INJ/USDT_1h": 1783086268.8394094, "XLM/USDT_1h": 1782873552.770596, "PENGU/USDT_1h": 1780948982.436046, "SUI/USDT_1h": 1783191474.2622333, "SOL/USDT_1h": 1783086268.8394094, "TAO/USDT_1h": 1783170126.0226533, "HYPE/USDT_1h": 1783086268.8394094, "WXT/USDT_1h": 1783044225.1076686, "FIL/USDT_1h": 1783086268.8394094, "GOLD(PAXG)/USDT_1h": 1783019452.2621937, "USD1/USDT_1h": 1783130514.900662, "INJ/USDT_4h": 1782747152.7766075, "WLD/USDT_4h": 1783044227.2818208, "PENGU/USDT_4h": 1781556424.9720824, "TAO/USDT_4h": 1782873555.3421197, "AVAX/USDT_4h": 1782762257.6730106, "ETH/USDT_4h": 1783191475.5875053, "ICP/USDT_1h": 1780669662.5800614, "RENDER/USDT_1h": 1780566261.9067547, "ZEC/USDT_1h": 1783068630.0443168, "ETH/USDT_1h": 1783019452.2621937, "TRIA/USDT_4h": 1780772800.4856737, "BNB/USDT_4h": 1783044227.2818208, "MYX/USDT_1h": 1780411563.703671, "BSB/USDT_1h": 1781750677.2330897, "XMR/USDT_1h": 1783153524.0774646, "JGGL/USDT_1h": 1783130514.900662, "MYX/USDT_4h": 1780411567.2411928, "ICP/USDT_4h": 1780669665.4643018, "XMR/USDT_4h": 1783153526.0906339, "DOGE/USDT_4h": 1783019454.3622477, "JGGL/USDT_4h": 1782959320.4473386, "ESPORTS/USDT_1h": 1780411929.2226644, "STAR/USDT_1h": 1783086268.8394094, "SKYAI/USDT_1h": 1782636092.8175871, "ETHFI/USDT_1h": 1783153524.0774646, "ENA/USDT_4h": 1783044227.2818208, "WLD/USDT_1h": 1783105415.7003255, "ZCHF/USDT_1h": 1780412612.3081293, "XLM/USDT_4h": 1783191475.5875053, "BCH/USDT_4h": 1783191475.5875053, "ETHFI/USDT_4h": 1783170127.6685584, "TRIA/USDT_1h": 1780772798.2375557, "BCH/USDT_1h": 1783153524.0774646, "FIL/USDT_4h": 1781578349.1083503, "DASH/USDT_4h": 1782354626.104656, "EDGE/USDT_1h": 1780416246.4854677, "FET/USDT_1h": 1781578347.2568166, "STAR/USDT_4h": 1783105417.3106132, "ASTER/USDT_4h": 1783044227.2818208, "RAIN/USDT_4h": 1783019454.3622477, "FET/USDT_4h": 1781607340.9492388, "GOLD(PAXG)/USDT_4h": 1782934828.891557, "ZCHF/USDT_4h": 1780416248.3732626, "ONDO/USDT_1h": 1781864032.530154, "APE/USDT_1h": 1780432579.7491035, "TRUMP/USDT_4h": 1783105417.3106132, "GOLD(XAUT)/USDT_4h": 1782999608.3052642, "GOLD(XAUT)/USDT_1h": 1783086268.8394094, "CAKE/USDT_4h": 1780932701.2014036, "MBG/USDT_1h": 1782873552.770596, "NEAR/USDT_1h": 1783068630.0443168, "9BIT/USDT_1h": 1780583892.154215, "ATOM/USDT_1h": 1781192235.8747604, "9BIT/USDT_4h": 1780483500.906386, "GENIUS/USDT_1h": 1780503565.3913214, "CAKE/USDT_1h": 1780913965.3891513, "GENIUS/USDT_4h": 1780503567.46776, "ATOM/USDT_4h": 1780541307.4555395, "PLAY/USDT_1h": 1781377791.0148153, "CHZ/USDT_1h": 1780932698.5889986, "W/USDT_1h": 1782049809.1711667, "BEAT/USDT_1h": 1783019452.2621937, "VIRTUAL/USDT_1h": 1780669662.5800614, "IO/USDT_1h": 1782096724.8946695, "TRUMP/USDT_1h": 1783044225.1076686, "CRV/USDT_1h": 1781750677.2330897, "DOT/USDT_1h": 1783153524.0774646, "ASTER/USDT_1h": 1782999605.7837336, "CHZ/USDT_4h": 1780566265.0829952, "VIRTUAL/USDT_4h": 1780566265.0829952, "CRV/USDT_4h": 1781750679.793615, "XPL/USDT_1h": 1783086268.8394094, "LIT/USDT_4h": 1780583894.7675366, "MBG/USDT_4h": 1782809852.0686915, "AIXDROP/USDT_4h": 1781922853.703667, "BILL/USDT_1h": 1780602944.4103916, "H/USDT_1h": 1782827918.1416376, "BILL/USDT_4h": 1780602947.567226, "BEAT/USDT_4h": 1782377307.256711, "ZEST/USDT_1h": 1780626931.5630293, "ZRO/USDT_1h": 1782396330.5165973, "PENDLE/USDT_1h": 1780626931.5630293, "ZEST/USDT_4h": 1780626935.00399, "ZEC/USDT_4h": 1783086271.125714, "ZRO/USDT_4h": 1781664544.6374924, "W/USDT_4h": 1782010166.882086, "PLAY/USDT_4h": 1781464270.347725, "SIREN/USDT_1h": 1781542821.126283, "AAVE/USDT_1h": 1782482713.190551, "EPIC/USDT_1h": 1780913965.3891513, "SPACEX(PRE)/USDT_1h": 1783068630.0443168, "AAVE/USDT_4h": 1782482715.7648797, "SIREN/USDT_4h": 1780838634.4192398, "HBAR/USDT_4h": 1780688576.5215292, "USDF/USDT_4h": 1782441147.215965, "CLAW/USDT_1h": 1781750677.2330897, "HBAR/USDT_1h": 1780751412.047059, "KAS/USDT_1h": 1782224985.6579623, "ALLO/USDT_1h": 1781122449.2876437, "CLAW/USDT_4h": 1781750679.793615, "GUA/USDT_1h": 1781015338.1059434, "ALLO/USDT_4h": 1780913967.7967584, "KAS/USDT_4h": 1782224988.1274958, "XT/USDT_1h": 1781122449.2876437, "IO/USDT_4h": 1781015341.1617029, "AIXDROP/USDT_1h": 1783019452.2621937, "ADI/USDT_1h": 1781642410.0770986, "HYPE/USDT_4h": 1783086271.125714, "DN/USDT_1h": 1782587140.657984, "SPACEX(PRE)/USDT_4h": 1782981780.7807622, "XT/USDT_4h": 1781880306.4460661, "PYTH/USDT_1h": 1781208653.9432573, "FOLKS/USDT_1h": 1781232110.2343922, "EPIC/USDT_4h": 1781232112.9623113, "ADI/USDT_4h": 1781607340.9492388, "ASSET/USDT_1h": 1783086268.8394094, "ASTEROID/USDT_4h": 1781897247.8895855, "USDGO/USDT_1h": 1782224985.6579623, "TOYL/USDT_1h": 1782482713.190551, "VIM/USDT_4h": 1781318068.0756829, "XPL/USDT_4h": 1783086271.125714, "CHECK/USDT_1h": 1782160525.4841244, "ONDO/USDT_4h": 1781607340.9492388, "VELVET/USDT_1h": 1783044225.1076686, "GRAM/USDT_4h": 1783086271.125714, "UPC/USDT_4h": 1781642412.019597, "TIA/USDT_1h": 1783086268.8394094, "GRAM/USDT_1h": 1783170126.0226533, "TIA/USDT_4h": 1783105417.3106132, "BTW/USDT_1h": 1782700699.743695, "PENDLE/USDT_4h": 1781726514.2971523, "CHECK/USDT_4h": 1782145817.57297, "UPC/USDT_1h": 1783019452.2621937, "SPCXON/USDT_1h": 1781864032.530154, "BSB/USDT_4h": 1781864035.0421011, "SYN/USDT_1h": 1783086268.8394094, "AIXPLAY/USDT_1h": 1781944926.4843602, "LVR/USDT_4h": 1781962199.7736428, "ASTEROID/USDT_1h": 1781982660.5380569, "SYN/USDT_4h": 1782915062.1776047, "BDX/USDT_1h": 1782873552.770596, "USDGO/USDT_4h": 1782224988.1274958, "LVR/USDT_1h": 1783068630.0443168, "BRL/USDT_4h": 1782268111.6531065, "EVAA/USDT_1h": 1782377304.8165038, "SLX/USDT_1h": 1782673445.6054115, "USDF/USDT_1h": 1782441145.2713308, "BEL/USDT_1h": 1782652732.7587452, "IP/USDT_1h": 1782548819.840801, "DN/USDT_4h": 1783044227.2818208, "WIF/USDT_1h": 1782565959.4184942, "CS/USDT_1h": 1783170126.0226533, "ARX/USDT_1h": 1782915060.3759143, "CS/USDT_4h": 1782587142.575378, "VELVET/USDT_4h": 1782959320.4473386, "BDX/USDT_4h": 1783086271.125714, "ANSEM/USDT_1h": 1782981779.1113763, "NXT/USDT_1h": 1782809850.1948185, "NXT/USDT_4h": 1782809852.0686915, "CAP/USDT_1h": 1782848642.725612, "M/USDT_1h": 1782981779.1113763, "DYDX/USDT_1h": 1783019452.2621937, "MAGMA/USDT_1h": 1783068630.0443168, "SYRT/USDT_1h": 1783153524.0774646}