{"LAB/USDT_1h": 1780384530.0818489, "RAIN/USDT_1h": 1780602944.4103916, "TON/USDT_1h": 1780669662.5800614, "ATLA/USDT_1h": 1780384530.0818489, "BTC/USDT_1h": 1780669662.5800614, "ADA/USDT_1h": 1780626931.5630293, "LTC/USDT_1h": 1780688573.4941168, "XRP/USDT_1h": 1780734311.012554, "TRX/USDT_1h": 1780669662.5800614, "LINK/USDT_1h": 1780669662.5800614, "AVAX/USDT_1h": 1780626931.5630293, "BNB/USDT_1h": 1780688573.4941168, "ENA/USDT_1h": 1780688573.4941168, "DOGE/USDT_1h": 1780626931.5630293, "DASH/USDT_1h": 1780734311.012554, "BRL/USDT_1h": 1780384530.0818489, "MX/USDT_1h": 1780651993.8934116, "EUR/USDT_1h": 1780734311.012554, "LAB/USDT_4h": 1780384532.4750414, "SKYAI/USDT_4h": 1780384532.4750414, "NEAR/USDT_4h": 1780384532.4750414, "ATLA/USDT_4h": 1780541307.4555395, "BTC/USDT_4h": 1780669665.4643018, "ADA/USDT_4h": 1780602947.567226, "LTC/USDT_4h": 1780688576.5215292, "DOT/USDT_4h": 1780541307.4555395, "XRP/USDT_4h": 1780626935.00399, "TRX/USDT_4h": 1780688576.5215292, "SUI/USDT_4h": 1780626935.00399, "SOL/USDT_4h": 1780669665.4643018, "LINK/USDT_4h": 1780626935.00399, "WXT/USDT_4h": 1780602947.567226, "MX/USDT_4h": 1780651996.7520857, "EUR/USDT_4h": 1780669665.4643018, "USD1/USDT_4h": 1780651996.7520857, "INJ/USDT_1h": 1780688573.4941168, "XLM/USDT_1h": 1780626931.5630293, "PENGU/USDT_1h": 1780669662.5800614, "SUI/USDT_1h": 1780688573.4941168, "SOL/USDT_1h": 1780626931.5630293, "TAO/USDT_1h": 1780734311.012554, "HYPE/USDT_1h": 1780712088.7566767, "WXT/USDT_1h": 1780734311.012554, "FIL/USDT_1h": 1780566261.9067547, "GOLD(PAXG)/USDT_1h": 1780734311.012554, "USD1/USDT_1h": 1780602944.4103916, "INJ/USDT_4h": 1780541307.4555395, "WLD/USDT_4h": 1780394799.3825636, "PENGU/USDT_4h": 1780626935.00399, "TAO/USDT_4h": 1780626935.00399, "AVAX/USDT_4h": 1780626935.00399, "ETH/USDT_4h": 1780626935.00399, "ICP/USDT_1h": 1780669662.5800614, "RENDER/USDT_1h": 1780566261.9067547, "ZEC/USDT_1h": 1780626931.5630293, "ETH/USDT_1h": 1780669662.5800614, "TRIA/USDT_4h": 1780402904.213075, "BNB/USDT_4h": 1780688576.5215292, "MYX/USDT_1h": 1780411563.703671, "BSB/USDT_1h": 1780411563.703671, "XMR/USDT_1h": 1780669662.5800614, "JGGL/USDT_1h": 1780519695.8294854, "MYX/USDT_4h": 1780411567.2411928, "ICP/USDT_4h": 1780669665.4643018, "XMR/USDT_4h": 1780669665.4643018, "DOGE/USDT_4h": 1780688576.5215292, "JGGL/USDT_4h": 1780712092.0966575, "ESPORTS/USDT_1h": 1780411929.2226644, "STAR/USDT_1h": 1780688573.4941168, "SKYAI/USDT_1h": 1780412244.9617648, "ETHFI/USDT_1h": 1780566261.9067547, "ENA/USDT_4h": 1780412247.5253322, "WLD/USDT_1h": 1780412612.3081293, "ZCHF/USDT_1h": 1780412612.3081293, "XLM/USDT_4h": 1780626935.00399, "BCH/USDT_4h": 1780503567.46776, "ETHFI/USDT_4h": 1780566265.0829952, "TRIA/USDT_1h": 1780626931.5630293, "BCH/USDT_1h": 1780503565.3913214, "FIL/USDT_4h": 1780566265.0829952, "DASH/USDT_4h": 1780566265.0829952, "EDGE/USDT_1h": 1780416246.4854677, "FET/USDT_1h": 1780626931.5630293, "STAR/USDT_4h": 1780416248.3732626, "ASTER/USDT_4h": 1780566265.0829952, "RAIN/USDT_4h": 1780416248.3732626, "FET/USDT_4h": 1780416248.3732626, "GOLD(PAXG)/USDT_4h": 1780651996.7520857, "ZCHF/USDT_4h": 1780416248.3732626, "ONDO/USDT_1h": 1780432579.7491035, "APE/USDT_1h": 1780432579.7491035, "TRUMP/USDT_4h": 1780566265.0829952, "GOLD(XAUT)/USDT_4h": 1780688576.5215292, "GOLD(XAUT)/USDT_1h": 1780669662.5800614, "CAKE/USDT_4h": 1780669665.4643018, "MBG/USDT_1h": 1780583892.154215, "NEAR/USDT_1h": 1780626931.5630293, "9BIT/USDT_1h": 1780583892.154215, "ATOM/USDT_1h": 1780734311.012554, "9BIT/USDT_4h": 1780483500.906386, "GENIUS/USDT_1h": 1780503565.3913214, "CAKE/USDT_1h": 1780651993.8934116, "GENIUS/USDT_4h": 1780503567.46776, "ATOM/USDT_4h": 1780541307.4555395, "PLAY/USDT_1h": 1780566261.9067547, "CHZ/USDT_1h": 1780566261.9067547, "W/USDT_1h": 1780566261.9067547, "BEAT/USDT_1h": 1780566261.9067547, "VIRTUAL/USDT_1h": 1780669662.5800614, "IO/USDT_1h": 1780566261.9067547, "TRUMP/USDT_1h": 1780566261.9067547, "CRV/USDT_1h": 1780566261.9067547, "DOT/USDT_1h": 1780566261.9067547, "ASTER/USDT_1h": 1780566261.9067547, "CHZ/USDT_4h": 1780566265.0829952, "VIRTUAL/USDT_4h": 1780566265.0829952, "CRV/USDT_4h": 1780566265.0829952, "XPL/USDT_1h": 1780583892.154215, "LIT/USDT_4h": 1780583894.7675366, "MBG/USDT_4h": 1780583894.7675366, "AIXDROP/USDT_4h": 1780583894.7675366, "BILL/USDT_1h": 1780602944.4103916, "H/USDT_1h": 1780602944.4103916, "BILL/USDT_4h": 1780602947.567226, "BEAT/USDT_4h": 1780602947.567226, "ZEST/USDT_1h": 1780626931.5630293, "ZRO/USDT_1h": 1780626931.5630293, "PENDLE/USDT_1h": 1780626931.5630293, "ZEST/USDT_4h": 1780626935.00399, "ZEC/USDT_4h": 1780626935.00399, "ZRO/USDT_4h": 1780626935.00399, "W/USDT_4h": 1780626935.00399, "PLAY/USDT_4h": 1780626935.00399, "SIREN/USDT_1h": 1780651993.8934116, "AAVE/USDT_1h": 1780651993.8934116, "EPIC/USDT_1h": 1780669662.5800614, "SPACEX(PRE)/USDT_1h": 1780669662.5800614, "AAVE/USDT_4h": 1780669665.4643018, "SIREN/USDT_4h": 1780669665.4643018, "HBAR/USDT_4h": 1780688576.5215292, "USDF/USDT_4h": 1780712092.0966575, "CLAW/USDT_1h": 1780734311.012554}