{"LAB/USDT_1h": 1781258281.0927346, "RAIN/USDT_1h": 1781726511.7476883, "TON/USDT_1h": 1781464268.1845932, "ATLA/USDT_1h": 1781377791.0148153, "BTC/USDT_1h": 1781627153.0689769, "ADA/USDT_1h": 1781726511.7476883, "LTC/USDT_1h": 1781692055.5543396, "XRP/USDT_1h": 1781664542.5083632, "TRX/USDT_1h": 1781578347.2568166, "LINK/USDT_1h": 1781524071.6474807, "AVAX/USDT_1h": 1781726511.7476883, "BNB/USDT_1h": 1781692055.5543396, "ENA/USDT_1h": 1781708005.653417, "DOGE/USDT_1h": 1781627153.0689769, "DASH/USDT_1h": 1781524071.6474807, "BRL/USDT_1h": 1780384530.0818489, "MX/USDT_1h": 1781664542.5083632, "EUR/USDT_1h": 1781726511.7476883, "LAB/USDT_4h": 1780384532.4750414, "SKYAI/USDT_4h": 1781275043.7135527, "NEAR/USDT_4h": 1781524073.280099, "ATLA/USDT_4h": 1781491848.715127, "BTC/USDT_4h": 1781607340.9492388, "ADA/USDT_4h": 1781726514.2971523, "LTC/USDT_4h": 1781428825.229957, "DOT/USDT_4h": 1781708007.5189538, "XRP/USDT_4h": 1781491848.715127, "TRX/USDT_4h": 1781491848.715127, "SUI/USDT_4h": 1781491848.715127, "SOL/USDT_4h": 1781172505.1139336, "LINK/USDT_4h": 1781172505.1139336, "WXT/USDT_4h": 1781642412.019597, "MX/USDT_4h": 1781726514.2971523, "EUR/USDT_4h": 1781726514.2971523, "USD1/USDT_4h": 1781708007.5189538, "INJ/USDT_1h": 1781708005.653417, "XLM/USDT_1h": 1781015338.1059434, "PENGU/USDT_1h": 1780948982.436046, "SUI/USDT_1h": 1781692055.5543396, "SOL/USDT_1h": 1781726511.7476883, "TAO/USDT_1h": 1781692055.5543396, "HYPE/USDT_1h": 1781708005.653417, "WXT/USDT_1h": 1781627153.0689769, "FIL/USDT_1h": 1781664542.5083632, "GOLD(PAXG)/USDT_1h": 1781726511.7476883, "USD1/USDT_1h": 1781464268.1845932, "INJ/USDT_4h": 1781627154.8299427, "WLD/USDT_4h": 1781542823.0166523, "PENGU/USDT_4h": 1781556424.9720824, "TAO/USDT_4h": 1781405150.9842558, "AVAX/USDT_4h": 1781556424.9720824, "ETH/USDT_4h": 1781726514.2971523, "ICP/USDT_1h": 1780669662.5800614, "RENDER/USDT_1h": 1780566261.9067547, "ZEC/USDT_1h": 1781708005.653417, "ETH/USDT_1h": 1781627153.0689769, "TRIA/USDT_4h": 1780772800.4856737, "BNB/USDT_4h": 1781357281.1777534, "MYX/USDT_1h": 1780411563.703671, "BSB/USDT_1h": 1781103320.6379588, "XMR/USDT_1h": 1781524071.6474807, "JGGL/USDT_1h": 1781627153.0689769, "MYX/USDT_4h": 1780411567.2411928, "ICP/USDT_4h": 1780669665.4643018, "XMR/USDT_4h": 1781556424.9720824, "DOGE/USDT_4h": 1780932701.2014036, "JGGL/USDT_4h": 1781607340.9492388, "ESPORTS/USDT_1h": 1780411929.2226644, "STAR/USDT_1h": 1781556422.3003466, "SKYAI/USDT_1h": 1781377791.0148153, "ETHFI/USDT_1h": 1781524071.6474807, "ENA/USDT_4h": 1781122451.4632802, "WLD/USDT_1h": 1781642410.0770986, "ZCHF/USDT_1h": 1780412612.3081293, "XLM/USDT_4h": 1780971134.9051943, "BCH/USDT_4h": 1781542823.0166523, "ETHFI/USDT_4h": 1781443848.7646286, "TRIA/USDT_1h": 1780772798.2375557, "BCH/USDT_1h": 1781642410.0770986, "FIL/USDT_4h": 1781578349.1083503, "DASH/USDT_4h": 1780566265.0829952, "EDGE/USDT_1h": 1780416246.4854677, "FET/USDT_1h": 1781578347.2568166, "STAR/USDT_4h": 1781428825.229957, "ASTER/USDT_4h": 1781556424.9720824, "RAIN/USDT_4h": 1781642412.019597, "FET/USDT_4h": 1781607340.9492388, "GOLD(PAXG)/USDT_4h": 1781708007.5189538, "ZCHF/USDT_4h": 1780416248.3732626, "ONDO/USDT_1h": 1781726511.7476883, "APE/USDT_1h": 1780432579.7491035, "TRUMP/USDT_4h": 1781627154.8299427, "GOLD(XAUT)/USDT_4h": 1781294138.0672534, "GOLD(XAUT)/USDT_1h": 1781726511.7476883, "CAKE/USDT_4h": 1780932701.2014036, "MBG/USDT_1h": 1781542821.126283, "NEAR/USDT_1h": 1781642410.0770986, "9BIT/USDT_1h": 1780583892.154215, "ATOM/USDT_1h": 1781192235.8747604, "9BIT/USDT_4h": 1780483500.906386, "GENIUS/USDT_1h": 1780503565.3913214, "CAKE/USDT_1h": 1780913965.3891513, "GENIUS/USDT_4h": 1780503567.46776, "ATOM/USDT_4h": 1780541307.4555395, "PLAY/USDT_1h": 1781377791.0148153, "CHZ/USDT_1h": 1780932698.5889986, "W/USDT_1h": 1781377791.0148153, "BEAT/USDT_1h": 1781607338.9185395, "VIRTUAL/USDT_1h": 1780669662.5800614, "IO/USDT_1h": 1781084506.7887068, "TRUMP/USDT_1h": 1781556422.3003466, "CRV/USDT_1h": 1781172502.7208536, "DOT/USDT_1h": 1781627153.0689769, "ASTER/USDT_1h": 1781708005.653417, "CHZ/USDT_4h": 1780566265.0829952, "VIRTUAL/USDT_4h": 1780566265.0829952, "CRV/USDT_4h": 1781172505.1139336, "XPL/USDT_1h": 1781607338.9185395, "LIT/USDT_4h": 1780583894.7675366, "MBG/USDT_4h": 1781692058.322624, "AIXDROP/USDT_4h": 1781664544.6374924, "BILL/USDT_1h": 1780602944.4103916, "H/USDT_1h": 1781428823.2554872, "BILL/USDT_4h": 1780602947.567226, "BEAT/USDT_4h": 1780602947.567226, "ZEST/USDT_1h": 1780626931.5630293, "ZRO/USDT_1h": 1781726511.7476883, "PENDLE/USDT_1h": 1780626931.5630293, "ZEST/USDT_4h": 1780626935.00399, "ZEC/USDT_4h": 1781708007.5189538, "ZRO/USDT_4h": 1781664544.6374924, "W/USDT_4h": 1780626935.00399, "PLAY/USDT_4h": 1781464270.347725, "SIREN/USDT_1h": 1781542821.126283, "AAVE/USDT_1h": 1780651993.8934116, "EPIC/USDT_1h": 1780913965.3891513, "SPACEX(PRE)/USDT_1h": 1781542821.126283, "AAVE/USDT_4h": 1780669665.4643018, "SIREN/USDT_4h": 1780838634.4192398, "HBAR/USDT_4h": 1780688576.5215292, "USDF/USDT_4h": 1780712092.0966575, "CLAW/USDT_1h": 1780734311.012554, "HBAR/USDT_1h": 1780751412.047059, "KAS/USDT_1h": 1781542821.126283, "ALLO/USDT_1h": 1781122449.2876437, "CLAW/USDT_4h": 1780838634.4192398, "GUA/USDT_1h": 1781015338.1059434, "ALLO/USDT_4h": 1780913967.7967584, "KAS/USDT_4h": 1781542823.0166523, "XT/USDT_1h": 1781122449.2876437, "IO/USDT_4h": 1781015341.1617029, "AIXDROP/USDT_1h": 1781664542.5083632, "ADI/USDT_1h": 1781642410.0770986, "HYPE/USDT_4h": 1781664544.6374924, "DN/USDT_1h": 1781103320.6379588, "SPACEX(PRE)/USDT_4h": 1781556424.9720824, "XT/USDT_4h": 1781122451.4632802, "PYTH/USDT_1h": 1781208653.9432573, "FOLKS/USDT_1h": 1781232110.2343922, "EPIC/USDT_4h": 1781232112.9623113, "ADI/USDT_4h": 1781607340.9492388, "ASSET/USDT_1h": 1781275041.2326815, "ASTEROID/USDT_4h": 1781275043.7135527, "USDGO/USDT_1h": 1781294136.1687477, "TOYL/USDT_1h": 1781708005.653417, "VIM/USDT_4h": 1781318068.0756829, "XPL/USDT_4h": 1781664544.6374924, "CHECK/USDT_1h": 1781340486.2802362, "ONDO/USDT_4h": 1781607340.9492388, "VELVET/USDT_1h": 1781642410.0770986, "GRAM/USDT_4h": 1781542823.0166523, "UPC/USDT_4h": 1781642412.019597, "TIA/USDT_1h": 1781664542.5083632, "GRAM/USDT_1h": 1781664542.5083632, "TIA/USDT_4h": 1781664544.6374924, "BTW/USDT_1h": 1781726511.7476883, "PENDLE/USDT_4h": 1781726514.2971523}