{"ASTER/USDT_1h": 1779686801.8756, "EDEN/USDT_1h": 1779686801.8756, "SUI/USDT_1h": 1779686801.8756, "TON/USDT_1h": 1779686801.8756, "CORN/USDT_1h": 1779686801.8756, "BCH/USDT_1h": 1779686801.8756, "GOLD(XAUT)/USDT_1h": 1779686801.8756, "EUR/USDT_1h": 1779686801.8756, "ETH/USDT_1h": 1779686801.8756, "GOLD(PAXG)/USDT_1h": 1779686801.8756, "FIL/USDT_1h": 1779686801.8756, "USD1/USDT_1h": 1779686801.8756, "VEREM/USDT_1h": 1779686801.8756, "EDEN/USDT_4h": 1779686803.864446, "TRIA/USDT_4h": 1779686803.864446, "MBG/USDT_4h": 1779686803.864446, "SUI/USDT_4h": 1779686803.864446, "JGGL/USDT_4h": 1779686803.864446, "TRX/USDT_4h": 1779686803.864446, "BCH/USDT_4h": 1779686803.864446, "XMR/USDT_1h": 1779689908.5369978, "USDGO/USDT_1h": 1779689908.5369978, "HYPE/USDT_4h": 1779689910.630442, "USDGO/USDT_4h": 1779689910.630442, "RAIN/USDT_1h": 1779691860.6599915, "BNB/USDT_1h": 1779691860.6599915, "BILL/USDT_1h": 1779695171.9899125, "TAO/USDT_1h": 1779695171.9899125, "TRX/USDT_1h": 1779695171.9899125, "XRP/USDT_1h": 1779695171.9899125, "VIM/USDT_4h": 1779695174.1067116, "GENIUS/USDT_1h": 1779702708.3636475, "ATOM/USDT_1h": 1779702708.3636475, "DOGE/USDT_1h": 1779702708.3636475, "GENIUS/USDT_4h": 1779702710.382015, "ATOM/USDT_4h": 1779702710.382015, "GOLD(PAXG)/USDT_4h": 1779702710.382015, "DASH/USDT_1h": 1779708941.6184804, "ONDO/USDT_1h": 1779708941.6184804, "INJ/USDT_4h": 1779708943.881063, "RAIN/USDT_4h": 1779708943.881063, "BSB/USDT_1h": 1779712146.9938989, "BEAT/USDT_1h": 1779712146.9938989, "LTC/USDT_1h": 1779712146.9938989, "MX/USDT_1h": 1779712146.9938989, "BNB/USDT_4h": 1779712149.7587447, "USD1/USDT_4h": 1779712149.7587447}