{"IN/USDT_1h": 1779663538.7970114, "EDEN/USDT_1h": 1779663538.7970114, "FIL/USDT_1h": 1779663538.7970114, "LTC/USDT_1h": 1779663538.7970114, "ETH/USDT_1h": 1779663538.7970114, "EUR/USDT_1h": 1779663538.7970114, "USD1/USDT_1h": 1779663538.7970114, "HYPE/USDT_4h": 1779663540.396439, "ETHFI/USDT_4h": 1779663540.396439, "TON/USDT_4h": 1779663540.396439, "BCH/USDT_4h": 1779663540.396439, "MBG/USDT_4h": 1779663540.396439, "GOLD(PAXG)/USDT_4h": 1779663540.396439, "BTC/USDT_4h": 1779663540.396439, "MX/USDT_4h": 1779663540.396439}