{"LAB/USDT_1h": 1780208026.5296528, "BNB/USDT_1h": 1780208026.5296528, "ALLO/USDT_1h": 1780208026.5296528, "HYPE/USDT_1h": 1780208026.5296528, "TRX/USDT_1h": 1780208026.5296528, "HBAR/USDT_1h": 1780208026.5296528, "EUR/USDT_1h": 1780208026.5296528, "LAB/USDT_4h": 1780208028.6499763, "BNB/USDT_4h": 1780208028.6499763, "TON/USDT_4h": 1780208028.6499763, "HYPE/USDT_4h": 1780208028.6499763, "USD1/USDT_4h": 1780208028.6499763}