{"EDEN/USDT_1h": 1779715028.991345, "RAIN/USDT_1h": 1779715028.991345, "ATOM/USDT_1h": 1779715028.991345, "LTC/USDT_1h": 1779715028.991345, "BCH/USDT_1h": 1779715028.991345, "EUR/USDT_1h": 1779715028.991345, "USD1/USDT_1h": 1779715028.991345, "EDEN/USDT_4h": 1779715030.9244819, "INJ/USDT_4h": 1779715030.9244819, "RAIN/USDT_4h": 1779715030.9244819, "ATOM/USDT_4h": 1779715030.9244819, "BNB/USDT_4h": 1779715030.9244819, "JGGL/USDT_4h": 1779715030.9244819, "BCH/USDT_4h": 1779715030.9244819, "TRX/USDT_4h": 1779715030.9244819, "USD1/USDT_4h": 1779715030.9244819, "INJ/USDT_1h": 1779719823.9697416, "NEAR/USDT_1h": 1779719823.9697416, "BSB/USDT_1h": 1779719823.9697416, "BNB/USDT_1h": 1779719823.9697416, "TRX/USDT_1h": 1779719823.9697416, "ETH/USDT_1h": 1779719823.9697416, "NEAR/USDT_4h": 1779719826.3779745, "ZEC/USDT_4h": 1779719826.3779745, "GOLD(PAXG)/USDT_4h": 1779719826.3779745, "PLAY/USDT_1h": 1779736614.0836623, "GUA/USDT_1h": 1779736614.0836623, "PENDLE/USDT_1h": 1779736614.0836623, "TAO/USDT_1h": 1779736614.0836623, "CORN/USDT_1h": 1779736614.0836623, "SOL/USDT_1h": 1779736614.0836623, "GUA/USDT_4h": 1779736616.446433, "ASSET/USDT_4h": 1779736616.446433, "HYPE/USDT_4h": 1779736616.446433}