{"LAB/USDT_1h": 1780384530.0818489, "RAIN/USDT_1h": 1780384530.0818489, "TON/USDT_1h": 1780384530.0818489, "ATLA/USDT_1h": 1780384530.0818489, "BTC/USDT_1h": 1780384530.0818489, "ADA/USDT_1h": 1780384530.0818489, "LTC/USDT_1h": 1780384530.0818489, "XRP/USDT_1h": 1780384530.0818489, "TRX/USDT_1h": 1780384530.0818489, "LINK/USDT_1h": 1780384530.0818489, "AVAX/USDT_1h": 1780384530.0818489, "BNB/USDT_1h": 1780384530.0818489, "ENA/USDT_1h": 1780384530.0818489, "DOGE/USDT_1h": 1780384530.0818489, "DASH/USDT_1h": 1780384530.0818489, "BRL/USDT_1h": 1780384530.0818489, "MX/USDT_1h": 1780384530.0818489, "EUR/USDT_1h": 1780384530.0818489, "LAB/USDT_4h": 1780384532.4750414, "SKYAI/USDT_4h": 1780384532.4750414, "NEAR/USDT_4h": 1780384532.4750414, "ATLA/USDT_4h": 1780384532.4750414, "BTC/USDT_4h": 1780384532.4750414, "ADA/USDT_4h": 1780384532.4750414, "LTC/USDT_4h": 1780384532.4750414, "DOT/USDT_4h": 1780384532.4750414, "XRP/USDT_4h": 1780384532.4750414, "TRX/USDT_4h": 1780384532.4750414, "SUI/USDT_4h": 1780384532.4750414, "SOL/USDT_4h": 1780384532.4750414, "LINK/USDT_4h": 1780384532.4750414, "WXT/USDT_4h": 1780384532.4750414, "MX/USDT_4h": 1780384532.4750414, "EUR/USDT_4h": 1780384532.4750414, "USD1/USDT_4h": 1780384532.4750414, "INJ/USDT_1h": 1780394797.512962, "XLM/USDT_1h": 1780394797.512962, "PENGU/USDT_1h": 1780394797.512962, "SUI/USDT_1h": 1780394797.512962, "SOL/USDT_1h": 1780394797.512962, "TAO/USDT_1h": 1780394797.512962, "HYPE/USDT_1h": 1780394797.512962, "WXT/USDT_1h": 1780394797.512962, "FIL/USDT_1h": 1780394797.512962, "GOLD(PAXG)/USDT_1h": 1780394797.512962, "USD1/USDT_1h": 1780394797.512962, "INJ/USDT_4h": 1780394799.3825636, "WLD/USDT_4h": 1780394799.3825636, "PENGU/USDT_4h": 1780394799.3825636, "TAO/USDT_4h": 1780394799.3825636, "AVAX/USDT_4h": 1780394799.3825636, "ETH/USDT_4h": 1780394799.3825636, "ICP/USDT_1h": 1780402901.7324574, "RENDER/USDT_1h": 1780402901.7324574, "ZEC/USDT_1h": 1780402901.7324574, "ETH/USDT_1h": 1780402901.7324574, "TRIA/USDT_4h": 1780402904.213075, "BNB/USDT_4h": 1780402904.213075, "MYX/USDT_1h": 1780411563.703671, "BSB/USDT_1h": 1780411563.703671, "XMR/USDT_1h": 1780411563.703671, "JGGL/USDT_1h": 1780411563.703671, "MYX/USDT_4h": 1780411567.2411928, "ICP/USDT_4h": 1780411567.2411928, "XMR/USDT_4h": 1780411567.2411928, "DOGE/USDT_4h": 1780411567.2411928, "JGGL/USDT_4h": 1780411567.2411928, "ESPORTS/USDT_1h": 1780411929.2226644, "STAR/USDT_1h": 1780411929.2226644, "SKYAI/USDT_1h": 1780412244.9617648, "ETHFI/USDT_1h": 1780412244.9617648, "ENA/USDT_4h": 1780412247.5253322, "WLD/USDT_1h": 1780412612.3081293, "ZCHF/USDT_1h": 1780412612.3081293, "XLM/USDT_4h": 1780412614.801354, "BCH/USDT_4h": 1780412614.801354, "ETHFI/USDT_4h": 1780412614.801354}