{"EDEN/USDT_1h": 1779715028.991345, "RAIN/USDT_1h": 1779715028.991345, "ATOM/USDT_1h": 1779715028.991345, "LTC/USDT_1h": 1779715028.991345, "BCH/USDT_1h": 1779715028.991345, "EUR/USDT_1h": 1779715028.991345, "USD1/USDT_1h": 1779715028.991345, "EDEN/USDT_4h": 1779715030.9244819, "INJ/USDT_4h": 1779715030.9244819, "RAIN/USDT_4h": 1779715030.9244819, "ATOM/USDT_4h": 1779715030.9244819, "BNB/USDT_4h": 1779715030.9244819, "JGGL/USDT_4h": 1779715030.9244819, "BCH/USDT_4h": 1779715030.9244819, "TRX/USDT_4h": 1779715030.9244819, "USD1/USDT_4h": 1779715030.9244819}