{"LAB/USDT_1h": 1780886706.918127, "RAIN/USDT_1h": 1781208653.9432573, "TON/USDT_1h": 1780997117.5018718, "ATLA/USDT_1h": 1781015338.1059434, "BTC/USDT_1h": 1781232110.2343922, "ADA/USDT_1h": 1781232110.2343922, "LTC/USDT_1h": 1780859289.0997999, "XRP/USDT_1h": 1781145929.7598283, "TRX/USDT_1h": 1781145929.7598283, "LINK/USDT_1h": 1781122449.2876437, "AVAX/USDT_1h": 1781145929.7598283, "BNB/USDT_1h": 1781122449.2876437, "ENA/USDT_1h": 1781208653.9432573, "DOGE/USDT_1h": 1781208653.9432573, "DASH/USDT_1h": 1781145929.7598283, "BRL/USDT_1h": 1780384530.0818489, "MX/USDT_1h": 1781145929.7598283, "EUR/USDT_1h": 1781208653.9432573, "LAB/USDT_4h": 1780384532.4750414, "SKYAI/USDT_4h": 1780384532.4750414, "NEAR/USDT_4h": 1780384532.4750414, "ATLA/USDT_4h": 1781035055.575396, "BTC/USDT_4h": 1781015341.1617029, "ADA/USDT_4h": 1780602947.567226, "LTC/USDT_4h": 1781035055.575396, "DOT/USDT_4h": 1780541307.4555395, "XRP/USDT_4h": 1780913967.7967584, "TRX/USDT_4h": 1781122451.4632802, "SUI/USDT_4h": 1780913967.7967584, "SOL/USDT_4h": 1781172505.1139336, "LINK/USDT_4h": 1781172505.1139336, "WXT/USDT_4h": 1781172505.1139336, "MX/USDT_4h": 1781192237.8619382, "EUR/USDT_4h": 1780948985.0374506, "USD1/USDT_4h": 1781015341.1617029, "INJ/USDT_1h": 1781122449.2876437, "XLM/USDT_1h": 1781015338.1059434, "PENGU/USDT_1h": 1780948982.436046, "SUI/USDT_1h": 1781232110.2343922, "SOL/USDT_1h": 1781232110.2343922, "TAO/USDT_1h": 1781232110.2343922, "HYPE/USDT_1h": 1781208653.9432573, "WXT/USDT_1h": 1781058955.1688423, "FIL/USDT_1h": 1781103320.6379588, "GOLD(PAXG)/USDT_1h": 1781232110.2343922, "USD1/USDT_1h": 1781172502.7208536, "INJ/USDT_4h": 1780541307.4555395, "WLD/USDT_4h": 1780394799.3825636, "PENGU/USDT_4h": 1780626935.00399, "TAO/USDT_4h": 1781058957.2287257, "AVAX/USDT_4h": 1780626935.00399, "ETH/USDT_4h": 1781172505.1139336, "ICP/USDT_1h": 1780669662.5800614, "RENDER/USDT_1h": 1780566261.9067547, "ZEC/USDT_1h": 1781122449.2876437, "ETH/USDT_1h": 1781035053.1897426, "TRIA/USDT_4h": 1780772800.4856737, "BNB/USDT_4h": 1781232112.9623113, "MYX/USDT_1h": 1780411563.703671, "BSB/USDT_1h": 1781103320.6379588, "XMR/USDT_1h": 1781208653.9432573, "JGGL/USDT_1h": 1781015338.1059434, "MYX/USDT_4h": 1780411567.2411928, "ICP/USDT_4h": 1780669665.4643018, "XMR/USDT_4h": 1781192237.8619382, "DOGE/USDT_4h": 1780932701.2014036, "JGGL/USDT_4h": 1781232112.9623113, "ESPORTS/USDT_1h": 1780411929.2226644, "STAR/USDT_1h": 1781232110.2343922, "SKYAI/USDT_1h": 1781192235.8747604, "ETHFI/USDT_1h": 1781122449.2876437, "ENA/USDT_4h": 1781122451.4632802, "WLD/USDT_1h": 1781145929.7598283, "ZCHF/USDT_1h": 1780412612.3081293, "XLM/USDT_4h": 1780971134.9051943, "BCH/USDT_4h": 1781192237.8619382, "ETHFI/USDT_4h": 1780932701.2014036, "TRIA/USDT_1h": 1780772798.2375557, "BCH/USDT_1h": 1781015338.1059434, "FIL/USDT_4h": 1780566265.0829952, "DASH/USDT_4h": 1780566265.0829952, "EDGE/USDT_1h": 1780416246.4854677, "FET/USDT_1h": 1780626931.5630293, "STAR/USDT_4h": 1780416248.3732626, "ASTER/USDT_4h": 1781208656.9170082, "RAIN/USDT_4h": 1781015341.1617029, "FET/USDT_4h": 1780416248.3732626, "GOLD(PAXG)/USDT_4h": 1781145931.866391, "ZCHF/USDT_4h": 1780416248.3732626, "ONDO/USDT_1h": 1780971132.173245, "APE/USDT_1h": 1780432579.7491035, "TRUMP/USDT_4h": 1781172505.1139336, "GOLD(XAUT)/USDT_4h": 1781122451.4632802, "GOLD(XAUT)/USDT_1h": 1781232110.2343922, "CAKE/USDT_4h": 1780932701.2014036, "MBG/USDT_1h": 1781192235.8747604, "NEAR/USDT_1h": 1781145929.7598283, "9BIT/USDT_1h": 1780583892.154215, "ATOM/USDT_1h": 1781192235.8747604, "9BIT/USDT_4h": 1780483500.906386, "GENIUS/USDT_1h": 1780503565.3913214, "CAKE/USDT_1h": 1780913965.3891513, "GENIUS/USDT_4h": 1780503567.46776, "ATOM/USDT_4h": 1780541307.4555395, "PLAY/USDT_1h": 1780566261.9067547, "CHZ/USDT_1h": 1780932698.5889986, "W/USDT_1h": 1780566261.9067547, "BEAT/USDT_1h": 1781035053.1897426, "VIRTUAL/USDT_1h": 1780669662.5800614, "IO/USDT_1h": 1781084506.7887068, "TRUMP/USDT_1h": 1781172502.7208536, "CRV/USDT_1h": 1781172502.7208536, "DOT/USDT_1h": 1781145929.7598283, "ASTER/USDT_1h": 1781208653.9432573, "CHZ/USDT_4h": 1780566265.0829952, "VIRTUAL/USDT_4h": 1780566265.0829952, "CRV/USDT_4h": 1781172505.1139336, "XPL/USDT_1h": 1780583892.154215, "LIT/USDT_4h": 1780583894.7675366, "MBG/USDT_4h": 1781084509.2517729, "AIXDROP/USDT_4h": 1780583894.7675366, "BILL/USDT_1h": 1780602944.4103916, "H/USDT_1h": 1780602944.4103916, "BILL/USDT_4h": 1780602947.567226, "BEAT/USDT_4h": 1780602947.567226, "ZEST/USDT_1h": 1780626931.5630293, "ZRO/USDT_1h": 1781192235.8747604, "PENDLE/USDT_1h": 1780626931.5630293, "ZEST/USDT_4h": 1780626935.00399, "ZEC/USDT_4h": 1780626935.00399, "ZRO/USDT_4h": 1781208656.9170082, "W/USDT_4h": 1780626935.00399, "PLAY/USDT_4h": 1780626935.00399, "SIREN/USDT_1h": 1781232110.2343922, "AAVE/USDT_1h": 1780651993.8934116, "EPIC/USDT_1h": 1780913965.3891513, "SPACEX(PRE)/USDT_1h": 1781145929.7598283, "AAVE/USDT_4h": 1780669665.4643018, "SIREN/USDT_4h": 1780838634.4192398, "HBAR/USDT_4h": 1780688576.5215292, "USDF/USDT_4h": 1780712092.0966575, "CLAW/USDT_1h": 1780734311.012554, "HBAR/USDT_1h": 1780751412.047059, "KAS/USDT_1h": 1780971132.173245, "ALLO/USDT_1h": 1781122449.2876437, "CLAW/USDT_4h": 1780838634.4192398, "GUA/USDT_1h": 1781015338.1059434, "ALLO/USDT_4h": 1780913967.7967584, "KAS/USDT_4h": 1780932701.2014036, "XT/USDT_1h": 1781122449.2876437, "IO/USDT_4h": 1781015341.1617029, "AIXDROP/USDT_1h": 1781058955.1688423, "ADI/USDT_1h": 1781192235.8747604, "HYPE/USDT_4h": 1781172505.1139336, "DN/USDT_1h": 1781103320.6379588, "SPACEX(PRE)/USDT_4h": 1781192237.8619382, "XT/USDT_4h": 1781122451.4632802, "PYTH/USDT_1h": 1781208653.9432573, "FOLKS/USDT_1h": 1781232110.2343922, "EPIC/USDT_4h": 1781232112.9623113, "ADI/USDT_4h": 1781232112.9623113}