{"LAB/USDT_1h": 1784660696.5919363, "RAIN/USDT_1h": 1784684933.1364827, "TON/USDT_1h": 1781464268.1845932, "ATLA/USDT_1h": 1782181639.8805223, "BTC/USDT_1h": 1784621363.5961547, "ADA/USDT_1h": 1784575595.1453245, "LTC/USDT_1h": 1784448052.7955422, "XRP/USDT_1h": 1784621363.5961547, "TRX/USDT_1h": 1784639920.2566178, "LINK/USDT_1h": 1782999605.7837336, "AVAX/USDT_1h": 1783367040.4269993, "BNB/USDT_1h": 1784621363.5961547, "ENA/USDT_1h": 1783453369.460761, "DOGE/USDT_1h": 1784621363.5961547, "DASH/USDT_1h": 1782354623.7398446, "BRL/USDT_1h": 1783518158.5971122, "MX/USDT_1h": 1784621363.5961547, "EUR/USDT_1h": 1783607581.8224385, "LAB/USDT_4h": 1784448053.7290962, "SKYAI/USDT_4h": 1782636094.4105728, "NEAR/USDT_4h": 1784253109.5310163, "ATLA/USDT_4h": 1782069411.1958945, "BTC/USDT_4h": 1784684934.4572556, "ADA/USDT_4h": 1784660697.9284048, "LTC/USDT_4h": 1784487174.4720757, "DOT/USDT_4h": 1784575597.1876874, "XRP/USDT_4h": 1784660697.9284048, "TRX/USDT_4h": 1784660697.9284048, "SUI/USDT_4h": 1784575597.1876874, "SOL/USDT_4h": 1784465790.692356, "LINK/USDT_4h": 1782762257.6730106, "WXT/USDT_4h": 1784555384.4257903, "MX/USDT_4h": 1784598588.5647237, "EUR/USDT_4h": 1783416318.3563504, "USD1/USDT_4h": 1784639921.6043842, "INJ/USDT_1h": 1784555383.1741726, "XLM/USDT_1h": 1784141793.7428863, "PENGU/USDT_1h": 1780948982.436046, "SUI/USDT_1h": 1784621363.5961547, "SOL/USDT_1h": 1784598587.2175677, "TAO/USDT_1h": 1784555383.1741726, "HYPE/USDT_1h": 1784598587.2175677, "WXT/USDT_1h": 1784660696.5919363, "FIL/USDT_1h": 1784598587.2175677, "GOLD(PAXG)/USDT_1h": 1784621363.5961547, "USD1/USDT_1h": 1784660696.5919363, "INJ/USDT_4h": 1784575597.1876874, "WLD/USDT_4h": 1784293617.3555727, "PENGU/USDT_4h": 1781556424.9720824, "TAO/USDT_4h": 1784684934.4572556, "AVAX/USDT_4h": 1782762257.6730106, "ETH/USDT_4h": 1784621364.9630814, "ICP/USDT_1h": 1780669662.5800614, "RENDER/USDT_1h": 1780566261.9067547, "ZEC/USDT_1h": 1784536944.1876545, "ETH/USDT_1h": 1784598587.2175677, "TRIA/USDT_4h": 1780772800.4856737, "BNB/USDT_4h": 1784121313.1121085, "MYX/USDT_1h": 1780411563.703671, "BSB/USDT_1h": 1781750677.2330897, "XMR/USDT_1h": 1784660696.5919363, "JGGL/USDT_1h": 1783367040.4269993, "MYX/USDT_4h": 1780411567.2411928, "ICP/USDT_4h": 1780669665.4643018, "XMR/USDT_4h": 1784660697.9284048, "DOGE/USDT_4h": 1784400555.5856714, "JGGL/USDT_4h": 1783257043.3694344, "ESPORTS/USDT_1h": 1780411929.2226644, "STAR/USDT_1h": 1783278199.747101, "SKYAI/USDT_1h": 1783331853.4197352, "ETHFI/USDT_1h": 1784448052.7955422, "ENA/USDT_4h": 1783044227.2818208, "WLD/USDT_1h": 1784338925.0700939, "ZCHF/USDT_1h": 1780412612.3081293, "XLM/USDT_4h": 1784034669.855276, "BCH/USDT_4h": 1784513232.494138, "ETHFI/USDT_4h": 1784513232.494138, "TRIA/USDT_1h": 1780772798.2375557, "BCH/USDT_1h": 1784621363.5961547, "FIL/USDT_4h": 1784598588.5647237, "DASH/USDT_4h": 1782354626.104656, "EDGE/USDT_1h": 1780416246.4854677, "FET/USDT_1h": 1781578347.2568166, "STAR/USDT_4h": 1783304090.3563094, "ASTER/USDT_4h": 1783044227.2818208, "RAIN/USDT_4h": 1784684934.4572556, "FET/USDT_4h": 1781607340.9492388, "GOLD(PAXG)/USDT_4h": 1784536945.405798, "ZCHF/USDT_4h": 1780416248.3732626, "ONDO/USDT_1h": 1784166492.1195147, "APE/USDT_1h": 1783562614.2291896, "TRUMP/USDT_4h": 1784293617.3555727, "GOLD(XAUT)/USDT_4h": 1784208157.5575116, "GOLD(XAUT)/USDT_1h": 1784621363.5961547, "CAKE/USDT_4h": 1780932701.2014036, "MBG/USDT_1h": 1784555383.1741726, "NEAR/USDT_1h": 1784293615.5704772, "9BIT/USDT_1h": 1780583892.154215, "ATOM/USDT_1h": 1781192235.8747604, "9BIT/USDT_4h": 1780483500.906386, "GENIUS/USDT_1h": 1780503565.3913214, "CAKE/USDT_1h": 1783350778.752825, "GENIUS/USDT_4h": 1780503567.46776, "ATOM/USDT_4h": 1780541307.4555395, "PLAY/USDT_1h": 1781377791.0148153, "CHZ/USDT_1h": 1780932698.5889986, "W/USDT_1h": 1782049809.1711667, "BEAT/USDT_1h": 1783019452.2621937, "VIRTUAL/USDT_1h": 1780669662.5800614, "IO/USDT_1h": 1782096724.8946695, "TRUMP/USDT_1h": 1784555383.1741726, "CRV/USDT_1h": 1784034667.9079802, "DOT/USDT_1h": 1784621363.5961547, "ASTER/USDT_1h": 1782999605.7837336, "CHZ/USDT_4h": 1780566265.0829952, "VIRTUAL/USDT_4h": 1780566265.0829952, "CRV/USDT_4h": 1781750679.793615, "XPL/USDT_1h": 1783086268.8394094, "LIT/USDT_4h": 1780583894.7675366, "MBG/USDT_4h": 1784555384.4257903, "AIXDROP/USDT_4h": 1784228254.1662092, "BILL/USDT_1h": 1780602944.4103916, "H/USDT_1h": 1782827918.1416376, "BILL/USDT_4h": 1780602947.567226, "BEAT/USDT_4h": 1782377307.256711, "ZEST/USDT_1h": 1780626931.5630293, "ZRO/USDT_1h": 1782396330.5165973, "PENDLE/USDT_1h": 1780626931.5630293, "ZEST/USDT_4h": 1780626935.00399, "ZEC/USDT_4h": 1784621364.9630814, "ZRO/USDT_4h": 1781664544.6374924, "W/USDT_4h": 1782010166.882086, "PLAY/USDT_4h": 1781464270.347725, "SIREN/USDT_1h": 1781542821.126283, "AAVE/USDT_1h": 1782482713.190551, "EPIC/USDT_1h": 1783453369.460761, "SPACEX(PRE)/USDT_1h": 1784228252.295639, "AAVE/USDT_4h": 1782482715.7648797, "SIREN/USDT_4h": 1780838634.4192398, "HBAR/USDT_4h": 1780688576.5215292, "USDF/USDT_4h": 1782441147.215965, "CLAW/USDT_1h": 1781750677.2330897, "HBAR/USDT_1h": 1780751412.047059, "KAS/USDT_1h": 1782224985.6579623, "ALLO/USDT_1h": 1781122449.2876437, "CLAW/USDT_4h": 1781750679.793615, "GUA/USDT_1h": 1781015338.1059434, "ALLO/USDT_4h": 1780913967.7967584, "KAS/USDT_4h": 1782224988.1274958, "XT/USDT_1h": 1781122449.2876437, "IO/USDT_4h": 1781015341.1617029, "AIXDROP/USDT_1h": 1784536944.1876545, "ADI/USDT_1h": 1781642410.0770986, "HYPE/USDT_4h": 1784621364.9630814, "DN/USDT_1h": 1784359708.7072566, "SPACEX(PRE)/USDT_4h": 1784228254.1662092, "XT/USDT_4h": 1781880306.4460661, "PYTH/USDT_1h": 1783350778.752825, "FOLKS/USDT_1h": 1781232110.2343922, "EPIC/USDT_4h": 1781232112.9623113, "ADI/USDT_4h": 1781607340.9492388, "ASSET/USDT_1h": 1784621363.5961547, "ASTEROID/USDT_4h": 1781897247.8895855, "USDGO/USDT_1h": 1784598587.2175677, "TOYL/USDT_1h": 1784078882.963327, "VIM/USDT_4h": 1781318068.0756829, "XPL/USDT_4h": 1783240890.1253526, "CHECK/USDT_1h": 1782160525.4841244, "ONDO/USDT_4h": 1784400555.5856714, "VELVET/USDT_1h": 1783562614.2291896, "GRAM/USDT_4h": 1784188647.2951453, "UPC/USDT_4h": 1784379255.22176, "TIA/USDT_1h": 1783562614.2291896, "GRAM/USDT_1h": 1784536944.1876545, "TIA/USDT_4h": 1783607583.5933118, "BTW/USDT_1h": 1784425802.2645612, "PENDLE/USDT_4h": 1781726514.2971523, "CHECK/USDT_4h": 1782145817.57297, "UPC/USDT_1h": 1784575595.1453245, "SPCXON/USDT_1h": 1781864032.530154, "BSB/USDT_4h": 1781864035.0421011, "SYN/USDT_1h": 1783086268.8394094, "AIXPLAY/USDT_1h": 1781944926.4843602, "LVR/USDT_4h": 1783390207.5516558, "ASTEROID/USDT_1h": 1781982660.5380569, "SYN/USDT_4h": 1782915062.1776047, "BDX/USDT_1h": 1784555383.1741726, "USDGO/USDT_4h": 1784598588.5647237, "LVR/USDT_1h": 1783692110.9729688, "BRL/USDT_4h": 1783518160.6658564, "EVAA/USDT_1h": 1784055846.5485537, "SLX/USDT_1h": 1782673445.6054115, "USDF/USDT_1h": 1782441145.2713308, "BEL/USDT_1h": 1782652732.7587452, "IP/USDT_1h": 1782548819.840801, "DN/USDT_4h": 1784293617.3555727, "WIF/USDT_1h": 1782565959.4184942, "CS/USDT_1h": 1784338925.0700939, "ARX/USDT_1h": 1784555383.1741726, "CS/USDT_4h": 1782587142.575378, "VELVET/USDT_4h": 1783734585.4290679, "BDX/USDT_4h": 1784379255.22176, "ANSEM/USDT_1h": 1784228252.295639, "NXT/USDT_1h": 1782809850.1948185, "NXT/USDT_4h": 1782809852.0686915, "CAP/USDT_1h": 1782848642.725612, "M/USDT_1h": 1782981779.1113763, "DYDX/USDT_1h": 1783019452.2621937, "MAGMA/USDT_1h": 1783068630.0443168, "SYRT/USDT_1h": 1783843348.490488, "ULTIMA/USDT_1h": 1783240888.41226, "ULTIMA/USDT_4h": 1783257043.3694344, "BTW/USDT_4h": 1783821127.33375, "HMSTR/USDT_1h": 1783304088.8648484, "PHYCHAIN/USDT_1h": 1783331853.4197352, "PHYCHAIN/USDT_4h": 1783331855.1964853, "PYTH/USDT_4h": 1783350780.8873603, "MINDHIVE/USDT_1h": 1784293615.5704772, "MINDHIVE/USDT_4h": 1784293617.3555727, "TAC/USDT_1h": 1783537750.478068, "TAC/USDT_4h": 1783537752.4298294, "APE/USDT_4h": 1783562615.8294775, "SYRT/USDT_4h": 1783821127.33375,