{"LAB/USDT_1h": 1782377304.8165038, "RAIN/USDT_1h": 1782441145.2713308, "TON/USDT_1h": 1781464268.1845932, "ATLA/USDT_1h": 1782181639.8805223, "BTC/USDT_1h": 1782396330.5165973, "ADA/USDT_1h": 1782416787.26044, "LTC/USDT_1h": 1782268109.3086503, "XRP/USDT_1h": 1782441145.2713308, "TRX/USDT_1h": 1782416787.26044, "LINK/USDT_1h": 1782377304.8165038, "AVAX/USDT_1h": 1782416787.26044, "BNB/USDT_1h": 1782329235.0753958, "ENA/USDT_1h": 1782244248.7058227, "DOGE/USDT_1h": 1782416787.26044, "DASH/USDT_1h": 1782354623.7398446, "BRL/USDT_1h": 1782244248.7058227, "MX/USDT_1h": 1782416787.26044, "EUR/USDT_1h": 1782441145.2713308, "LAB/USDT_4h": 1782310122.0534382, "SKYAI/USDT_4h": 1781275043.7135527, "NEAR/USDT_4h": 1782416789.496869, "ATLA/USDT_4h": 1782069411.1958945, "BTC/USDT_4h": 1782441147.215965, "ADA/USDT_4h": 1782310122.0534382, "LTC/USDT_4h": 1782377307.256711, "DOT/USDT_4h": 1782441147.215965, "XRP/USDT_4h": 1782441147.215965, "TRX/USDT_4h": 1782441147.215965, "SUI/USDT_4h": 1782329237.3588097, "SOL/USDT_4h": 1782128215.0611227, "LINK/USDT_4h": 1782441147.215965, "WXT/USDT_4h": 1782128215.0611227, "MX/USDT_4h": 1782441147.215965, "EUR/USDT_4h": 1782441147.215965, "USD1/USDT_4h": 1782096726.7427082, "INJ/USDT_1h": 1782310119.7284296, "XLM/USDT_1h": 1781897245.5390408, "PENGU/USDT_1h": 1780948982.436046, "SUI/USDT_1h": 1782329235.0753958, "SOL/USDT_1h": 1782160525.4841244, "TAO/USDT_1h": 1782441145.2713308, "HYPE/USDT_1h": 1782310119.7284296, "WXT/USDT_1h": 1782396330.5165973, "FIL/USDT_1h": 1782291276.6837265, "GOLD(PAXG)/USDT_1h": 1782329235.0753958, "USD1/USDT_1h": 1782441145.2713308, "INJ/USDT_4h": 1782268111.6531065, "WLD/USDT_4h": 1782205206.1065233, "PENGU/USDT_4h": 1781556424.9720824, "TAO/USDT_4h": 1782329237.3588097, "AVAX/USDT_4h": 1782441147.215965, "ETH/USDT_4h": 1782441147.215965, "ICP/USDT_1h": 1780669662.5800614, "RENDER/USDT_1h": 1780566261.9067547, "ZEC/USDT_1h": 1782096724.8946695, "ETH/USDT_1h": 1782416787.26044, "TRIA/USDT_4h": 1780772800.4856737, "BNB/USDT_4h": 1782310122.0534382, "MYX/USDT_1h": 1780411563.703671, "BSB/USDT_1h": 1781750677.2330897, "XMR/USDT_1h": 1782416787.26044, "JGGL/USDT_1h": 1782224985.6579623, "MYX/USDT_4h": 1780411567.2411928, "ICP/USDT_4h": 1780669665.4643018, "XMR/USDT_4h": 1782416789.496869, "DOGE/USDT_4h": 1782268111.6531065, "JGGL/USDT_4h": 1782329237.3588097, "ESPORTS/USDT_1h": 1780411929.2226644, "STAR/USDT_1h": 1782354623.7398446, "SKYAI/USDT_1h": 1781377791.0148153, "ETHFI/USDT_1h": 1782205203.6000233, "ENA/USDT_4h": 1781750679.793615, "WLD/USDT_1h": 1782441145.2713308, "ZCHF/USDT_1h": 1780412612.3081293, "XLM/USDT_4h": 1781794154.838207, "BCH/USDT_4h": 1782416789.496869, "ETHFI/USDT_4h": 1782310122.0534382, "TRIA/USDT_1h": 1780772798.2375557, "BCH/USDT_1h": 1782416787.26044, "FIL/USDT_4h": 1781578349.1083503, "DASH/USDT_4h": 1782354626.104656, "EDGE/USDT_1h": 1780416246.4854677, "FET/USDT_1h": 1781578347.2568166, "STAR/USDT_4h": 1782310122.0534382, "ASTER/USDT_4h": 1782329237.3588097, "RAIN/USDT_4h": 1782310122.0534382, "FET/USDT_4h": 1781607340.9492388, "GOLD(PAXG)/USDT_4h": 1782441147.215965, "ZCHF/USDT_4h": 1780416248.3732626, "ONDO/USDT_1h": 1781864032.530154, "APE/USDT_1h": 1780432579.7491035, "TRUMP/USDT_4h": 1782396332.6948793, "GOLD(XAUT)/USDT_4h": 1782441147.215965, "GOLD(XAUT)/USDT_1h": 1782329235.0753958, "CAKE/USDT_4h": 1780932701.2014036, "MBG/USDT_1h": 1782291276.6837265, "NEAR/USDT_1h": 1782377304.8165038, "9BIT/USDT_1h": 1780583892.154215, "ATOM/USDT_1h": 1781192235.8747604, "9BIT/USDT_4h": 1780483500.906386, "GENIUS/USDT_1h": 1780503565.3913214, "CAKE/USDT_1h": 1780913965.3891513, "GENIUS/USDT_4h": 1780503567.46776, "ATOM/USDT_4h": 1780541307.4555395, "PLAY/USDT_1h": 1781377791.0148153, "CHZ/USDT_1h": 1780932698.5889986, "W/USDT_1h": 1782049809.1711667, "BEAT/USDT_1h": 1782181639.8805223, "VIRTUAL/USDT_1h": 1780669662.5800614, "IO/USDT_1h": 1782096724.8946695, "TRUMP/USDT_1h": 1782416787.26044, "CRV/USDT_1h": 1781750677.2330897, "DOT/USDT_1h": 1782441145.2713308, "ASTER/USDT_1h": 1782377304.8165038, "CHZ/USDT_4h": 1780566265.0829952, "VIRTUAL/USDT_4h": 1780566265.0829952, "CRV/USDT_4h": 1781750679.793615, "XPL/USDT_1h": 1782441145.2713308, "LIT/USDT_4h": 1780583894.7675366, "MBG/USDT_4h": 1782396332.6948793, "AIXDROP/USDT_4h": 1781922853.703667, "BILL/USDT_1h": 1780602944.4103916, "H/USDT_1h": 1782205203.6000233, "BILL/USDT_4h": 1780602947.567226, "BEAT/USDT_4h": 1782377307.256711, "ZEST/USDT_1h": 1780626931.5630293, "ZRO/USDT_1h": 1782396330.5165973, "PENDLE/USDT_1h": 1780626931.5630293, "ZEST/USDT_4h": 1780626935.00399, "ZEC/USDT_4h": 1782441147.215965, "ZRO/USDT_4h": 1781664544.6374924, "W/USDT_4h": 1782010166.882086, "PLAY/USDT_4h": 1781464270.347725, "SIREN/USDT_1h": 1781542821.126283, "AAVE/USDT_1h": 1780651993.8934116, "EPIC/USDT_1h": 1780913965.3891513, "SPACEX(PRE)/USDT_1h": 1782354623.7398446, "AAVE/USDT_4h": 1780669665.4643018, "SIREN/USDT_4h": 1780838634.4192398, "HBAR/USDT_4h": 1780688576.5215292, "USDF/USDT_4h": 1782441147.215965, "CLAW/USDT_1h": 1781750677.2330897, "HBAR/USDT_1h": 1780751412.047059, "KAS/USDT_1h": 1782224985.6579623, "ALLO/USDT_1h": 1781122449.2876437, "CLAW/USDT_4h": 1781750679.793615, "GUA/USDT_1h": 1781015338.1059434, "ALLO/USDT_4h": 1780913967.7967584, "KAS/USDT_4h": 1782224988.1274958, "XT/USDT_1h": 1781122449.2876437, "IO/USDT_4h": 1781015341.1617029, "AIXDROP/USDT_1h": 1782128212.9371374, "ADI/USDT_1h": 1781642410.0770986, "HYPE/USDT_4h": 1781664544.6374924, "DN/USDT_1h": 1782145815.3813977, "SPACEX(PRE)/USDT_4h": 1781556424.9720824, "XT/USDT_4h": 1781880306.4460661, "PYTH/USDT_1h": 1781208653.9432573, "FOLKS/USDT_1h": 1781232110.2343922, "EPIC/USDT_4h": 1781232112.9623113, "ADI/USDT_4h": 1781607340.9492388, "ASSET/USDT_1h": 1781275041.2326815, "ASTEROID/USDT_4h": 1781897247.8895855, "USDGO/USDT_1h": 1782224985.6579623, "TOYL/USDT_1h": 1782354623.7398446, "VIM/USDT_4h": 1781318068.0756829, "XPL/USDT_4h": 1781664544.6374924, "CHECK/USDT_1h": 1782160525.4841244, "ONDO/USDT_4h": 1781607340.9492388, "VELVET/USDT_1h": 1781642410.0770986, "GRAM/USDT_4h": 1782396332.6948793, "UPC/USDT_4h": 1781642412.019597, "TIA/USDT_1h": 1782160525.4841244, "GRAM/USDT_1h": 1782291276.6837265, "TIA/USDT_4h": 1781664544.6374924, "BTW/USDT_1h": 1782329235.0753958, "PENDLE/USDT_4h": 1781726514.2971523, "CHECK/USDT_4h": 1782145817.57297, "UPC/USDT_1h": 1782205203.6000233, "SPCXON/USDT_1h": 1781864032.530154, "BSB/USDT_4h": 1781864035.0421011, "SYN/USDT_1h": 1782310119.7284296, "AIXPLAY/USDT_1h": 1781944926.4843602, "LVR/USDT_4h": 1781962199.7736428, "ASTEROID/USDT_1h": 1781982660.5380569, "SYN/USDT_4h": 1782310122.0534382, "BDX/USDT_1h": 1782310119.7284296, "USDGO/USDT_4h": 1782224988.1274958, "LVR/USDT_1h": 1782377304.8165038, "BRL/USDT_4h": 1782268111.6531065, "EVAA/USDT_1h": 1782377304.8165038, "SLX/USDT_1h": 1782396330.5165973, "USDF/USDT_1h": 1782441145.2713308}