{"LAB/USDT_1h": 1780199804.220617, "FET/USDT_1h": 1780199804.220617, "BNB/USDT_1h": 1780199804.220617, "CAKE/USDT_1h": 1780199804.220617, "HBAR/USDT_1h": 1780199804.220617, "NEAR/USDT_1h": 1780199804.220617, "TRX/USDT_1h": 1780199804.220617, "JGGL/USDT_1h": 1780199804.220617, "BTC/USDT_1h": 1780199804.220617, "SOL/USDT_1h": 1780199804.220617, "LTC/USDT_1h": 1780199804.220617, "PENDLE/USDT_1h": 1780199804.220617, "EUR/USDT_1h": 1780199804.220617, "USD1/USDT_1h": 1780199804.220617, "FET/USDT_4h": 1780199806.1789494, "BNB/USDT_4h": 1780199806.1789494, "HYPE/USDT_4h": 1780199806.1789494, "BTC/USDT_4h": 1780199806.1789494, "EUR/USDT_4h": 1780199806.1789494, "USD1/USDT_4h": 1780199806.1789494, "HYPE/USDT_1h": 1780207536.674247, "TON/USDT_4h": 1780207538.7291188}