{"ALLO/USDT_1h": 1780189864.9013758, "9BIT/USDT_1h": 1780189864.9013758, "HBAR/USDT_1h": 1780189864.9013758, "BNB/USDT_1h": 1780189864.9013758, "HYPE/USDT_1h": 1780189864.9013758, "NEAR/USDT_1h": 1780189864.9013758, "AIX/USDT_1h": 1780189864.9013758, "SOL/USDT_1h": 1780189864.9013758, "BTC/USDT_1h": 1780189864.9013758, "USD1/USDT_1h": 1780189864.9013758, "EUR/USDT_1h": 1780189864.9013758, "9BIT/USDT_4h": 1780189866.919447, "BNB/USDT_4h": 1780189866.919447, "ASTER/USDT_4h": 1780189866.919447, "TON/USDT_4h": 1780189866.919447, "HYPE/USDT_4h": 1780189866.919447, "AIX/USDT_4h": 1780189866.919447, "BTC/USDT_4h": 1780189866.919447, "USD1/USDT_4h": 1780189866.919447, "EUR/USDT_4h": 1780189866.919447, "CAKE/USDT_1h": 1780192801.379032, "TRIA/USDT_1h": 1780192801.379032, "PENDLE/USDT_1h": 1780192801.379032, "ADA/USDT_1h": 1780192801.379032}