{"ALLO/USDT_1h": 1780215350.0543542, "CAKE/USDT_1h": 1780215350.0543542, "HYPE/USDT_1h": 1780215350.0543542, "AIX/USDT_1h": 1780215350.0543542, "NEAR/USDT_1h": 1780215350.0543542, "BCH/USDT_1h": 1780215350.0543542, "HBAR/USDT_1h": 1780215350.0543542, "PENDLE/USDT_1h": 1780215350.0543542, "DOGE/USDT_1h": 1780215350.0543542, "SOL/USDT_1h": 1780215350.0543542, "XRP/USDT_1h": 1780215350.0543542, "SUI/USDT_1h": 1780215350.0543542, "EUR/USDT_1h": 1780215350.0543542, "ASTER/USDT_4h": 1780215352.0750391, "HYPE/USDT_4h": 1780215352.0750391, "AIX/USDT_4h": 1780215352.0750391, "SUI/USDT_4h": 1780215352.0750391, "USD1/USDT_4h": 1780215352.0750391}